{
	"info": {
		"_postman_id": "c5889d35-e6e8-457c-b775-59e8116ff705",
		"name": "TMS",
		"schema": "https://schema.getpostman.com/json/collection/v2.0.0/collection.json",
		"_exporter_id": "29015849"
	},
	"item": [
		{
			"name": "User",
			"item": [
				{
					"name": "User-register",
					"request": {
						"method": "POST",
						"header": [],
						"body": {
							"mode": "raw",
							"raw": "{\r\n    \"name\":\"abhishek\",\r\n    \"email\":\"abhi@gmail.com\",\r\n    \"password\":\"1234\",\r\n    \"isAdmin\":\"true\", \r\n    \"role\":\"Admin\", \r\n    \"title\":\"hello abhi\"\r\n}",
							"options": {
								"raw": {
									"language": "json"
								}
							}
						},
						"url": "http://localhost:8000/api/user/register"
					},
					"response": []
				},
				{
					"name": "User-login",
					"request": {
						"method": "POST",
						"header": [],
						"body": {
							"mode": "raw",
							"raw": "{\r\n    \"email\":\"kirti@gmail.com\", \r\n    \"password\":\"12345\"\r\n}",
							"options": {
								"raw": {
									"language": "json"
								}
							}
						},
						"url": "http://localhost:8000/api/user/login"
					},
					"response": []
				},
				{
					"name": "User-logout",
					"request": {
						"method": "POST",
						"header": [],
						"url": "http://localhost:8000/api/user/logout"
					},
					"response": []
				},
				{
					"name": "get-team/user",
					"request": {
						"method": "GET",
						"header": [],
						"url": "http://localhost:8000/api/user/get-team"
					},
					"response": []
				}
			]
		},
		{
			"name": "User-Task",
			"item": [
				{
					"name": "Task-Create",
					"request": {
						"auth": {
							"type": "bearer",
							"bearer": {
								"token": "Bearer eyJhbGciOiJIUzI1NiIsInR5cCI6IkpXVCJ9.eyJ1c2VySWQiOjMsImlhdCI6MTcyNDIzMTczMywiZXhwIjoxNzI0MzE4MTMzfQ.Vya0B26gO3Uq2A2h6YQyOElr4uohx6EkNGZGBy587oM; Max-Age=86400; Path=/; Expires=Thu, 22 Aug 2024 09:15:33 GMT; HttpOnly; Secure; SameSite=Strict"
							}
						},
						"method": "POST",
						"header": [],
						"body": {
							"mode": "raw",
							"raw": "{\r\n    \"title\":\"backend create tms\", \r\n    \"team\":[\"3\"], \r\n    \"stage\":\"todo\", \r\n    \"date\":\"2024-12-08T19:30:00.000+00:00\", \r\n    \"priority\":\"low\", \r\n    \"assets\":\"\"\r\n}",
							"options": {
								"raw": {
									"language": "json"
								}
							}
						},
						"url": "http://localhost:8000/api/task/create"
					},
					"response": []
				},
				{
					"name": "dashboard",
					"request": {
						"method": "GET",
						"header": [],
						"url": "http://localhost:8000/api/task/dashboard"
					},
					"response": []
				},
				{
					"name": "Get-Task",
					"request": {
						"method": "GET",
						"header": [],
						"url": "http://localhost:8000/api/task"
					},
					"response": []
				},
				{
					"name": "Get-ByID-Task",
					"request": {
						"method": "GET",
						"header": [],
						"url": "http://localhost:8000/api/task/66c57275fce63718fc1e82d9"
					},
					"response": []
				},
				{
					"name": "task-activity",
					"request": {
						"method": "POST",
						"header": [],
						"body": {
							"mode": "raw",
							"raw": "{\r\n    \"type\":\"bug\", \r\n    \"activity\":\"new bug\"\r\n}",
							"options": {
								"raw": {
									"language": "json"
								}
							}
						},
						"url": "http://localhost:8000/api/task/activity/66c57275fce63718fc1e82d9"
					},
					"response": []
				},
				{
					"name": "create-subtask",
					"request": {
						"method": "PUT",
						"header": [],
						"body": {
							"mode": "raw",
							"raw": "{\r\n    \"title\":\"new backend task create api\", \r\n    \"tag\":\"now backend start\", \r\n    \"date\":\"2024-08-21T04:52:05.344+00:00\"\r\n}",
							"options": {
								"raw": {
									"language": "json"
								}
							}
						},
						"url": "http://localhost:8000/api/task/create-subtask/66c57374fce63718fc1e82eb"
					},
					"response": []
				}
			]
		}
	]
}