{
  "hash": "f44e95ce",
  "configHash": "6a09befc",
  "lockfileHash": "15a5e01b",
  "browserHash": "62b9246e",
  "optimized": {
    "@angular/common": {
      "src": "../../../../../node_modules/@angular/common/fesm2022/common.mjs",
      "file": "@angular_common.js",
      "fileHash": "8d5cd281",
      "needsInterop": false
    },
    "@angular/core": {
      "src": "../../../../../node_modules/@angular/core/fesm2022/core.mjs",
      "file": "@angular_core.js",
      "fileHash": "101aff2a",
      "needsInterop": false
    },
    "@angular/platform-browser": {
      "src": "../../../../../node_modules/@angular/platform-browser/fesm2022/platform-browser.mjs",
      "file": "@angular_platform-browser.js",
      "fileHash": "2d69a966",
      "needsInterop": false
    },
    "@angular/router": {
      "src": "../../../../../node_modules/@angular/router/fesm2022/router.mjs",
      "file": "@angular_router.js",
      "fileHash": "e0632a61",
      "needsInterop": false
    },
    "@angular/forms": {
      "src": "../../../../../node_modules/@angular/forms/fesm2022/forms.mjs",
      "file": "@angular_forms.js",
      "fileHash": "d2a0fb4e",
      "needsInterop": false
    }
  },
  "chunks": {
    "chunk-F7PFZGV4": {
      "file": "chunk-F7PFZGV4.js"
    },
    "chunk-SXM6IB3K": {
      "file": "chunk-SXM6IB3K.js"
    },
    "chunk-PBKKMZF6": {
      "file": "chunk-PBKKMZF6.js"
    }
  }
}