[{"first_name":"Adriena","last_name":"Tasseler","email":"atasseler0@squarespace.com","gender":"Female"},
{"first_name":"Mose","last_name":"Teissier","email":"mteissier1@ovh.net","gender":"Genderqueer"},
{"first_name":"Cherise","last_name":"Figurski","email":"cfigurski2@rakuten.co.jp","gender":"Female"},
{"first_name":"Cristi","last_name":"Wishart","email":"cwishart3@edublogs.org","gender":"Female"},
{"first_name":"Fanchon","last_name":"Awin","email":"fawin4@newyorker.com","gender":"Female"},
{"first_name":"Brenn","last_name":"Connichie","email":"bconnichie5@slate.com","gender":"Female"},
{"first_name":"Kinsley","last_name":"Feares","email":"kfeares6@senate.gov","gender":"Male"},
{"first_name":"Bamby","last_name":"Wycliffe","email":"bwycliffe7@hhs.gov","gender":"Female"},
{"first_name":"Elva","last_name":"Bent","email":"ebent8@ox.ac.uk","gender":"Female"},
{"first_name":"Lolita","last_name":"Ondricek","email":"londricek9@google.co.uk","gender":"Female"},
{"first_name":"Cornela","last_name":"Daugherty","email":"cdaughertya@craigslist.org","gender":"Female"},
{"first_name":"Englebert","last_name":"Colthurst","email":"ecolthurstb@disqus.com","gender":"Male"},
{"first_name":"Chantal","last_name":"Otham","email":"cothamc@smugmug.com","gender":"Female"},
{"first_name":"Mike","last_name":"Greening","email":"mgreeningd@psu.edu","gender":"Male"},
{"first_name":"Gabbi","last_name":"Jakeway","email":"gjakewaye@sakura.ne.jp","gender":"Female"},
{"first_name":"Bertie","last_name":"Girardey","email":"bgirardeyf@cyberchimps.com","gender":"Female"},
{"first_name":"Haley","last_name":"Luke","email":"hlukeg@yellowbook.com","gender":"Genderfluid"},
{"first_name":"Olive","last_name":"Kleinmann","email":"okleinmannh@ifeng.com","gender":"Female"},
{"first_name":"Hayden","last_name":"Drage","email":"hdragei@istockphoto.com","gender":"Male"},
{"first_name":"Peyter","last_name":"Cianelli","email":"pcianellij@princeton.edu","gender":"Bigender"},
{"first_name":"Pooh","last_name":"Ofener","email":"pofenerk@vk.com","gender":"Male"},
{"first_name":"Hamil","last_name":"Meiner","email":"hmeinerl@amazon.co.uk","gender":"Agender"},
{"first_name":"Gilligan","last_name":"Realy","email":"grealym@nasa.gov","gender":"Female"},
{"first_name":"Douglass","last_name":"Grestie","email":"dgrestien@twitter.com","gender":"Male"},
{"first_name":"Elysee","last_name":"Proby","email":"eprobyo@google.es","gender":"Female"},
{"first_name":"Iolande","last_name":"Farnworth","email":"ifarnworthp@nbcnews.com","gender":"Female"},
{"first_name":"Avivah","last_name":"Kellen","email":"akellenq@godaddy.com","gender":"Female"},
{"first_name":"Selie","last_name":"Szepe","email":"sszeper@cargocollective.com","gender":"Female"},
{"first_name":"Giulia","last_name":"Dikles","email":"gdikless@cnbc.com","gender":"Female"},
{"first_name":"Monah","last_name":"Mitcheson","email":"mmitchesont@cnbc.com","gender":"Female"},
{"first_name":"Lucais","last_name":"Oxberry","email":"loxberryu@census.gov","gender":"Male"},
{"first_name":"Damiano","last_name":"Felmingham","email":"dfelminghamv@uol.com.br","gender":"Bigender"},
{"first_name":"Christabella","last_name":"Ledes","email":"cledesw@hexun.com","gender":"Female"},
{"first_name":"Brennen","last_name":"Trinder","email":"btrinderx@home.pl","gender":"Male"},
{"first_name":"Lonee","last_name":"Pellew","email":"lpellewy@xinhuanet.com","gender":"Female"},
{"first_name":"Marc","last_name":"Gotthard.sf","email":"mgotthardsfz@dell.com","gender":"Male"},
{"first_name":"Frank","last_name":"Tomasik","email":"ftomasik10@mapquest.com","gender":"Male"},
{"first_name":"Shelby","last_name":"Ewens","email":"sewens11@phpbb.com","gender":"Female"},
{"first_name":"Lana","last_name":"Gosling","email":"lgosling12@instagram.com","gender":"Female"},
{"first_name":"Estrellita","last_name":"Kremer","email":"ekremer13@engadget.com","gender":"Female"},
{"first_name":"Adan","last_name":"Slinger","email":"aslinger14@xinhuanet.com","gender":"Male"},
{"first_name":"Inigo","last_name":"Meeson","email":"imeeson15@ameblo.jp","gender":"Bigender"},
{"first_name":"Thedrick","last_name":"Smurthwaite","email":"tsmurthwaite16@shareasale.com","gender":"Male"},
{"first_name":"Aili","last_name":"Asif","email":"aasif17@moonfruit.com","gender":"Female"},
{"first_name":"Claudine","last_name":"Pasquale","email":"cpasquale18@census.gov","gender":"Female"},
{"first_name":"Ava","last_name":"Trunkfield","email":"atrunkfield19@liveinternet.ru","gender":"Female"},
{"first_name":"Marysa","last_name":"Stonier","email":"mstonier1a@oracle.com","gender":"Female"},
{"first_name":"Betta","last_name":"Hawket","email":"bhawket1b@google.pl","gender":"Female"},
{"first_name":"Vite","last_name":"Redpath","email":"vredpath1c@nsw.gov.au","gender":"Male"},
{"first_name":"August","last_name":"Pedrozzi","email":"apedrozzi1d@example.com","gender":"Male"},
{"first_name":"Ogdan","last_name":"Lambotin","email":"olambotin1e@booking.com","gender":"Male"},
{"first_name":"Lacy","last_name":"Etches","email":"letches1f@washingtonpost.com","gender":"Female"},
{"first_name":"Mandie","last_name":"Stanistreet","email":"mstanistreet1g@phpbb.com","gender":"Female"},
{"first_name":"Marylou","last_name":"Pettiford","email":"mpettiford1h@webeden.co.uk","gender":"Female"},
{"first_name":"Alwyn","last_name":"Farlam","email":"afarlam1i@eepurl.com","gender":"Male"},
{"first_name":"Rudy","last_name":"Rudolfer","email":"rrudolfer1j@twitter.com","gender":"Male"},
{"first_name":"Mata","last_name":"Tales","email":"mtales1k@qq.com","gender":"Agender"},
{"first_name":"Gunilla","last_name":"Vasquez","email":"gvasquez1l@psu.edu","gender":"Female"},
{"first_name":"Werner","last_name":"Redwall","email":"wredwall1m@fastcompany.com","gender":"Male"},
{"first_name":"Cedric","last_name":"Cowpertwait","email":"ccowpertwait1n@g.co","gender":"Male"},
{"first_name":"Theodor","last_name":"Mourant","email":"tmourant1o@npr.org","gender":"Male"},
{"first_name":"Rubin","last_name":"Nethercott","email":"rnethercott1p@imdb.com","gender":"Male"},
{"first_name":"Jenn","last_name":"Levane","email":"jlevane1q@miibeian.gov.cn","gender":"Female"},
{"first_name":"Pip","last_name":"Zincke","email":"pzincke1r@networkadvertising.org","gender":"Agender"},
{"first_name":"Cristobal","last_name":"Shippard","email":"cshippard1s@i2i.jp","gender":"Male"},
{"first_name":"Myrilla","last_name":"Longmaid","email":"mlongmaid1t@arstechnica.com","gender":"Female"},
{"first_name":"Gloria","last_name":"Hewkin","email":"ghewkin1u@huffingtonpost.com","gender":"Female"},
{"first_name":"Codi","last_name":"Ledbetter","email":"cledbetter1v@mlb.com","gender":"Female"},
{"first_name":"Lionel","last_name":"Houlison","email":"lhoulison1w@jugem.jp","gender":"Male"},
{"first_name":"Raina","last_name":"Crush","email":"rcrush1x@hibu.com","gender":"Genderfluid"},
{"first_name":"Renard","last_name":"Adicot","email":"radicot1y@miibeian.gov.cn","gender":"Male"},
{"first_name":"Gearalt","last_name":"Baude","email":"gbaude1z@angelfire.com","gender":"Male"},
{"first_name":"Vince","last_name":"Peppett","email":"vpeppett20@salon.com","gender":"Male"},
{"first_name":"Godwin","last_name":"Roddell","email":"groddell21@ow.ly","gender":"Male"},
{"first_name":"Germayne","last_name":"Cicchelli","email":"gcicchelli22@google.co.uk","gender":"Male"},
{"first_name":"Hildegaard","last_name":"Wickett","email":"hwickett23@1und1.de","gender":"Female"},
{"first_name":"Hoyt","last_name":"Smallpeice","email":"hsmallpeice24@seattletimes.com","gender":"Male"},
{"first_name":"Daren","last_name":"Lehemann","email":"dlehemann25@pen.io","gender":"Male"},
{"first_name":"Kara","last_name":"Kobera","email":"kkobera26@last.fm","gender":"Female"},
{"first_name":"Deirdre","last_name":"Goldby","email":"dgoldby27@vkontakte.ru","gender":"Female"},
{"first_name":"Tammy","last_name":"Currey","email":"tcurrey28@reverbnation.com","gender":"Male"},
{"first_name":"Cosimo","last_name":"Paskell","email":"cpaskell29@spotify.com","gender":"Male"},
{"first_name":"Lusa","last_name":"Simondson","email":"lsimondson2a@prweb.com","gender":"Female"},
{"first_name":"Modesty","last_name":"Serrurier","email":"mserrurier2b@comcast.net","gender":"Female"},
{"first_name":"Granville","last_name":"Aistrop","email":"gaistrop2c@com.com","gender":"Male"},
{"first_name":"Blaine","last_name":"Viollet","email":"bviollet2d@sina.com.cn","gender":"Male"},
{"first_name":"Berri","last_name":"McGlynn","email":"bmcglynn2e@nps.gov","gender":"Female"},
{"first_name":"Loy","last_name":"Jerzycowski","email":"ljerzycowski2f@lulu.com","gender":"Male"},
{"first_name":"Karalee","last_name":"Baswall","email":"kbaswall2g@ox.ac.uk","gender":"Female"},
{"first_name":"Steward","last_name":"Vlasov","email":"svlasov2h@theglobeandmail.com","gender":"Male"},
{"first_name":"Hedwig","last_name":"Demaine","email":"hdemaine2i@google.co.jp","gender":"Female"},
{"first_name":"Margette","last_name":"Widmoor","email":"mwidmoor2j@amazon.co.jp","gender":"Female"},
{"first_name":"Frederick","last_name":"Leverett","email":"fleverett2k@1und1.de","gender":"Male"},
{"first_name":"Shalom","last_name":"Chavez","email":"schavez2l@businessinsider.com","gender":"Male"},
{"first_name":"Corrine","last_name":"Hussell","email":"chussell2m@tinypic.com","gender":"Female"},
{"first_name":"Marigold","last_name":"Petrovic","email":"mpetrovic2n@123-reg.co.uk","gender":"Female"},
{"first_name":"Cornelius","last_name":"Worwood","email":"cworwood2o@eventbrite.com","gender":"Male"},
{"first_name":"Marisa","last_name":"Culp","email":"mculp2p@linkedin.com","gender":"Female"},
{"first_name":"Marget","last_name":"Clac","email":"mclac2q@webmd.com","gender":"Female"},
{"first_name":"Zoe","last_name":"Salery","email":"zsalery2r@who.int","gender":"Female"},
{"first_name":"Rhiamon","last_name":"Gooddie","email":"rgooddie2s@webnode.com","gender":"Female"},
{"first_name":"Salvador","last_name":"Derington","email":"sderington2t@addtoany.com","gender":"Male"},
{"first_name":"Bev","last_name":"Mathers","email":"bmathers2u@globo.com","gender":"Female"},
{"first_name":"Roselin","last_name":"Wrixon","email":"rwrixon2v@buzzfeed.com","gender":"Genderfluid"},
{"first_name":"Even","last_name":"Fabb","email":"efabb2w@biglobe.ne.jp","gender":"Male"},
{"first_name":"Johnna","last_name":"Pressland","email":"jpressland2x@google.com","gender":"Female"},
{"first_name":"Janelle","last_name":"Goodfield","email":"jgoodfield2y@sun.com","gender":"Female"},
{"first_name":"See","last_name":"Dradey","email":"sdradey2z@tuttocitta.it","gender":"Male"},
{"first_name":"Finn","last_name":"Krahl","email":"fkrahl30@istockphoto.com","gender":"Male"},
{"first_name":"Hendrika","last_name":"Kiraly","email":"hkiraly31@weather.com","gender":"Polygender"},
{"first_name":"Bibbye","last_name":"Avent","email":"bavent32@flavors.me","gender":"Female"},
{"first_name":"Zorine","last_name":"Arrol","email":"zarrol33@mayoclinic.com","gender":"Female"},
{"first_name":"Terri","last_name":"Tollmache","email":"ttollmache34@com.com","gender":"Female"},
{"first_name":"Israel","last_name":"Fearnill","email":"ifearnill35@apache.org","gender":"Male"},
{"first_name":"Ulrich","last_name":"Rannie","email":"urannie36@zimbio.com","gender":"Genderqueer"},
{"first_name":"Hilary","last_name":"Wolledge","email":"hwolledge37@wired.com","gender":"Male"},
{"first_name":"Daryn","last_name":"Aleksidze","email":"daleksidze38@jugem.jp","gender":"Female"},
{"first_name":"Willis","last_name":"Havoc","email":"whavoc39@wiley.com","gender":"Male"},
{"first_name":"Betta","last_name":"Shervil","email":"bshervil3a@gravatar.com","gender":"Female"},
{"first_name":"Papageno","last_name":"Livesley","email":"plivesley3b@stumbleupon.com","gender":"Male"},
{"first_name":"Sebastien","last_name":"Bevis","email":"sbevis3c@berkeley.edu","gender":"Male"},
{"first_name":"Saba","last_name":"Vinton","email":"svinton3d@economist.com","gender":"Female"},
{"first_name":"Denys","last_name":"Monaghan","email":"dmonaghan3e@bloglines.com","gender":"Male"},
{"first_name":"Ethe","last_name":"Mallabar","email":"emallabar3f@netvibes.com","gender":"Male"},
{"first_name":"Lettie","last_name":"Tynnan","email":"ltynnan3g@vinaora.com","gender":"Female"},
{"first_name":"Dannel","last_name":"Loxley","email":"dloxley3h@comsenz.com","gender":"Male"},
{"first_name":"Sascha","last_name":"Elsmere","email":"selsmere3i@pcworld.com","gender":"Female"},
{"first_name":"Almira","last_name":"Ledrane","email":"aledrane3j@1688.com","gender":"Polygender"},
{"first_name":"Harwell","last_name":"Johnes","email":"hjohnes3k@people.com.cn","gender":"Male"},
{"first_name":"Otho","last_name":"Everiss","email":"oeveriss3l@unicef.org","gender":"Male"},
{"first_name":"Winni","last_name":"Mateus","email":"wmateus3m@usa.gov","gender":"Female"},
{"first_name":"Christoph","last_name":"Jindra","email":"cjindra3n@google.it","gender":"Male"},
{"first_name":"Murdoch","last_name":"Crutchley","email":"mcrutchley3o@xrea.com","gender":"Male"},
{"first_name":"Constantino","last_name":"Larmett","email":"clarmett3p@abc.net.au","gender":"Male"},
{"first_name":"Hermie","last_name":"Cloke","email":"hcloke3q@nature.com","gender":"Agender"},
{"first_name":"Corny","last_name":"Gallimore","email":"cgallimore3r@weibo.com","gender":"Female"},
{"first_name":"Etan","last_name":"Larking","email":"elarking3s@umn.edu","gender":"Male"},
{"first_name":"Thacher","last_name":"Menego","email":"tmenego3t@spiegel.de","gender":"Male"},
{"first_name":"Coop","last_name":"Beatson","email":"cbeatson3u@theatlantic.com","gender":"Male"},
{"first_name":"Mathias","last_name":"Drioli","email":"mdrioli3v@ftc.gov","gender":"Male"},
{"first_name":"Kippy","last_name":"Patshull","email":"kpatshull3w@php.net","gender":"Male"},
{"first_name":"Gus","last_name":"Ferriere","email":"gferriere3x@cisco.com","gender":"Female"},
{"first_name":"Thomasine","last_name":"Grog","email":"tgrog3y@mapy.cz","gender":"Female"},
{"first_name":"Freddi","last_name":"Billingsley","email":"fbillingsley3z@rakuten.co.jp","gender":"Female"},
{"first_name":"Midge","last_name":"Schachter","email":"mschachter40@whitehouse.gov","gender":"Female"},
{"first_name":"Mercedes","last_name":"Vost","email":"mvost41@squarespace.com","gender":"Female"},
{"first_name":"Grethel","last_name":"Cooke","email":"gcooke42@issuu.com","gender":"Female"},
{"first_name":"Ariel","last_name":"Olczyk","email":"aolczyk43@tripod.com","gender":"Male"},
{"first_name":"Adella","last_name":"Ponter","email":"aponter44@cnn.com","gender":"Female"},
{"first_name":"Nobie","last_name":"Betser","email":"nbetser45@tumblr.com","gender":"Male"},
{"first_name":"Fernande","last_name":"McMorran","email":"fmcmorran46@joomla.org","gender":"Female"},
{"first_name":"Arden","last_name":"Hatfield","email":"ahatfield47@photobucket.com","gender":"Female"},
{"first_name":"Nico","last_name":"Daskiewicz","email":"ndaskiewicz48@stumbleupon.com","gender":"Male"},
{"first_name":"Byran","last_name":"Keetch","email":"bkeetch49@bbb.org","gender":"Male"},
{"first_name":"Byrann","last_name":"Dagleas","email":"bdagleas4a@google.de","gender":"Male"},
{"first_name":"Deborah","last_name":"Bulbrook","email":"dbulbrook4b@bbb.org","gender":"Female"},
{"first_name":"Karlik","last_name":"Maylott","email":"kmaylott4c@mit.edu","gender":"Male"},
{"first_name":"Nickie","last_name":"McLemon","email":"nmclemon4d@uol.com.br","gender":"Female"},
{"first_name":"Nikkie","last_name":"Toten","email":"ntoten4e@example.com","gender":"Female"},
{"first_name":"Boniface","last_name":"Horney","email":"bhorney4f@about.me","gender":"Non-binary"},
{"first_name":"Tedmund","last_name":"Krienke","email":"tkrienke4g@nbcnews.com","gender":"Polygender"},
{"first_name":"Kimberley","last_name":"Mila","email":"kmila4h@globo.com","gender":"Female"},
{"first_name":"Hadrian","last_name":"Huxstep","email":"hhuxstep4i@spotify.com","gender":"Male"},
{"first_name":"Annabela","last_name":"Kellie","email":"akellie4j@cbc.ca","gender":"Female"},
{"first_name":"Dalis","last_name":"Sumption","email":"dsumption4k@prnewswire.com","gender":"Genderqueer"},
{"first_name":"Brad","last_name":"Bodsworth","email":"bbodsworth4l@disqus.com","gender":"Male"},
{"first_name":"Ammamaria","last_name":"Vlahos","email":"avlahos4m@ed.gov","gender":"Female"},
{"first_name":"Ursula","last_name":"Biddle","email":"ubiddle4n@aboutads.info","gender":"Female"},
{"first_name":"Mel","last_name":"Jessope","email":"mjessope4o@123-reg.co.uk","gender":"Female"},
{"first_name":"Saunders","last_name":"Brockway","email":"sbrockway4p@java.com","gender":"Male"},
{"first_name":"Barry","last_name":"Leedal","email":"bleedal4q@businessweek.com","gender":"Male"},
{"first_name":"Zoe","last_name":"Cafe","email":"zcafe4r@cyberchimps.com","gender":"Female"},
{"first_name":"Dex","last_name":"Chaudron","email":"dchaudron4s@vkontakte.ru","gender":"Male"},
{"first_name":"Coretta","last_name":"Armin","email":"carmin4t@princeton.edu","gender":"Female"},
{"first_name":"Norton","last_name":"Farmery","email":"nfarmery4u@nps.gov","gender":"Male"},
{"first_name":"Blanche","last_name":"Eborall","email":"beborall4v@merriam-webster.com","gender":"Female"},
{"first_name":"Kellen","last_name":"Bohan","email":"kbohan4w@mediafire.com","gender":"Female"},
{"first_name":"Karil","last_name":"Tower","email":"ktower4x@google.cn","gender":"Female"},
{"first_name":"Lilyan","last_name":"Emms","email":"lemms4y@clickbank.net","gender":"Polygender"},
{"first_name":"Jefferson","last_name":"Breagan","email":"jbreagan4z@tinypic.com","gender":"Male"},
{"first_name":"Luther","last_name":"Bampkin","email":"lbampkin50@facebook.com","gender":"Male"},
{"first_name":"Giffard","last_name":"Antoniades","email":"gantoniades51@epa.gov","gender":"Male"},
{"first_name":"Lotty","last_name":"Jurasz","email":"ljurasz52@census.gov","gender":"Female"},
{"first_name":"Alonso","last_name":"Corke","email":"acorke53@netscape.com","gender":"Male"},
{"first_name":"Janek","last_name":"Dubois","email":"jdubois54@sogou.com","gender":"Male"},
{"first_name":"Chris","last_name":"Bru","email":"cbru55@fema.gov","gender":"Male"},
{"first_name":"Vivi","last_name":"Gilfoy","email":"vgilfoy56@utexas.edu","gender":"Genderqueer"},
{"first_name":"Edvard","last_name":"Gollard","email":"egollard57@wikia.com","gender":"Male"},
{"first_name":"Emanuele","last_name":"Honeywood","email":"ehoneywood58@gmpg.org","gender":"Male"},
{"first_name":"Winn","last_name":"Chapelle","email":"wchapelle59@printfriendly.com","gender":"Male"},
{"first_name":"Tillie","last_name":"Haysham","email":"thaysham5a@dyndns.org","gender":"Female"},
{"first_name":"Mordecai","last_name":"Abernethy","email":"mabernethy5b@apache.org","gender":"Male"},
{"first_name":"Jobina","last_name":"Collimore","email":"jcollimore5c@usnews.com","gender":"Polygender"},
{"first_name":"Lesli","last_name":"Creighton","email":"lcreighton5d@slashdot.org","gender":"Female"},
{"first_name":"Aurilia","last_name":"Fould","email":"afould5e@amazon.de","gender":"Female"},
{"first_name":"Jami","last_name":"McKinlay","email":"jmckinlay5f@vkontakte.ru","gender":"Female"},
{"first_name":"Maridel","last_name":"Fillary","email":"mfillary5g@skype.com","gender":"Female"},
{"first_name":"Terri","last_name":"Morrieson","email":"tmorrieson5h@soundcloud.com","gender":"Female"},
{"first_name":"Alaster","last_name":"Yonnie","email":"ayonnie5i@sun.com","gender":"Male"},
{"first_name":"Currey","last_name":"Matelyunas","email":"cmatelyunas5j@fema.gov","gender":"Male"},
{"first_name":"Timofei","last_name":"Redd","email":"tredd5k@i2i.jp","gender":"Male"},
{"first_name":"Trefor","last_name":"Wadly","email":"twadly5l@cbc.ca","gender":"Male"},
{"first_name":"Toma","last_name":"Skrine","email":"tskrine5m@google.co.jp","gender":"Female"},
{"first_name":"Hadria","last_name":"Docharty","email":"hdocharty5n@newyorker.com","gender":"Female"},
{"first_name":"Fulvia","last_name":"Frazer","email":"ffrazer5o@1und1.de","gender":"Female"},
{"first_name":"Glori","last_name":"Vivers","email":"gvivers5p@blogger.com","gender":"Female"},
{"first_name":"Jocelyn","last_name":"Bimrose","email":"jbimrose5q@1688.com","gender":"Female"},
{"first_name":"Ann-marie","last_name":"Swanton","email":"aswanton5r@deviantart.com","gender":"Female"},
{"first_name":"Katheryn","last_name":"Stallen","email":"kstallen5s@independent.co.uk","gender":"Female"},
{"first_name":"Candis","last_name":"Scirman","email":"cscirman5t@joomla.org","gender":"Genderqueer"},
{"first_name":"Catlin","last_name":"Jedrychowski","email":"cjedrychowski5u@vk.com","gender":"Female"},
{"first_name":"Ynez","last_name":"Darbishire","email":"ydarbishire5v@icq.com","gender":"Female"},
{"first_name":"Beitris","last_name":"Launder","email":"blaunder5w@themeforest.net","gender":"Female"},
{"first_name":"Brinn","last_name":"Heymann","email":"bheymann5x@sun.com","gender":"Female"},
{"first_name":"Diane-marie","last_name":"Renn","email":"drenn5y@4shared.com","gender":"Female"},
{"first_name":"Ailis","last_name":"Karpychev","email":"akarpychev5z@unicef.org","gender":"Female"},
{"first_name":"Tallulah","last_name":"Hubner","email":"thubner60@themeforest.net","gender":"Female"},
{"first_name":"Ly","last_name":"Ick","email":"lick61@washington.edu","gender":"Male"},
{"first_name":"Tami","last_name":"Rennicks","email":"trennicks62@gmpg.org","gender":"Female"},
{"first_name":"Gus","last_name":"Cormode","email":"gcormode63@topsy.com","gender":"Male"},
{"first_name":"Raul","last_name":"Burder","email":"rburder64@cmu.edu","gender":"Male"},
{"first_name":"Major","last_name":"Stitt","email":"mstitt65@nps.gov","gender":"Male"},
{"first_name":"Simeon","last_name":"Gorch","email":"sgorch66@wired.com","gender":"Male"},
{"first_name":"Cob","last_name":"Gilder","email":"cgilder67@dailymotion.com","gender":"Male"},
{"first_name":"Justino","last_name":"Kobiera","email":"jkobiera68@comsenz.com","gender":"Male"},
{"first_name":"Adela","last_name":"Dalgarno","email":"adalgarno69@dropbox.com","gender":"Female"},
{"first_name":"Kincaid","last_name":"Brecher","email":"kbrecher6a@seattletimes.com","gender":"Male"},
{"first_name":"Andris","last_name":"Thying","email":"athying6b@forbes.com","gender":"Male"},
{"first_name":"Annie","last_name":"Robertshaw","email":"arobertshaw6c@msu.edu","gender":"Female"},
{"first_name":"Catherin","last_name":"Pagen","email":"cpagen6d@businesswire.com","gender":"Female"},
{"first_name":"Leese","last_name":"Lening","email":"llening6e@studiopress.com","gender":"Female"},
{"first_name":"Curran","last_name":"Shawyers","email":"cshawyers6f@webs.com","gender":"Polygender"},
{"first_name":"Maxie","last_name":"Ferrara","email":"mferrara6g@youtube.com","gender":"Male"},
{"first_name":"Meg","last_name":"Kingaby","email":"mkingaby6h@privacy.gov.au","gender":"Female"},
{"first_name":"Torre","last_name":"D'Acth","email":"tdacth6i@webnode.com","gender":"Male"},
{"first_name":"Eachelle","last_name":"Scrammage","email":"escrammage6j@webeden.co.uk","gender":"Female"},
{"first_name":"Ilise","last_name":"Drynan","email":"idrynan6k@icio.us","gender":"Female"},
{"first_name":"Sly","last_name":"Bardill","email":"sbardill6l@washington.edu","gender":"Male"},
{"first_name":"Kirby","last_name":"Lyal","email":"klyal6m@elpais.com","gender":"Female"},
{"first_name":"Kriste","last_name":"Summerley","email":"ksummerley6n@blinklist.com","gender":"Female"},
{"first_name":"Margie","last_name":"Pastor","email":"mpastor6o@virginia.edu","gender":"Female"},
{"first_name":"Rebeca","last_name":"Connechie","email":"rconnechie6p@furl.net","gender":"Female"},
{"first_name":"Moore","last_name":"Winch","email":"mwinch6q@cdc.gov","gender":"Male"},
{"first_name":"Carissa","last_name":"Quinell","email":"cquinell6r@arizona.edu","gender":"Female"},
{"first_name":"Miller","last_name":"Lavrick","email":"mlavrick6s@ft.com","gender":"Male"},
{"first_name":"Erroll","last_name":"Phettiplace","email":"ephettiplace6t@mashable.com","gender":"Male"},
{"first_name":"Hewie","last_name":"Dudenie","email":"hdudenie6u@list-manage.com","gender":"Male"},
{"first_name":"Kimberli","last_name":"Sloley","email":"ksloley6v@deviantart.com","gender":"Female"},
{"first_name":"Leonerd","last_name":"Josefsohn","email":"ljosefsohn6w@buzzfeed.com","gender":"Male"},
{"first_name":"Ive","last_name":"Bresson","email":"ibresson6x@usnews.com","gender":"Male"},
{"first_name":"Pierce","last_name":"Philipet","email":"pphilipet6y@ucoz.com","gender":"Non-binary"},
{"first_name":"Joseph","last_name":"Willingham","email":"jwillingham6z@youtube.com","gender":"Male"},
{"first_name":"Fifine","last_name":"Allenson","email":"fallenson70@un.org","gender":"Female"},
{"first_name":"Jamesy","last_name":"Heys","email":"jheys71@over-blog.com","gender":"Male"},
{"first_name":"Giff","last_name":"Danford","email":"gdanford72@whitehouse.gov","gender":"Male"},
{"first_name":"Flossy","last_name":"Danter","email":"fdanter73@amazon.co.uk","gender":"Polygender"},
{"first_name":"Eilis","last_name":"Fidian","email":"efidian74@topsy.com","gender":"Female"},
{"first_name":"Claudie","last_name":"Sigfrid","email":"csigfrid75@woothemes.com","gender":"Female"},
{"first_name":"Justina","last_name":"Waddington","email":"jwaddington76@cargocollective.com","gender":"Genderqueer"},
{"first_name":"Adelle","last_name":"Sinderland","email":"asinderland77@tamu.edu","gender":"Female"},
{"first_name":"Phedra","last_name":"Rakestraw","email":"prakestraw78@msn.com","gender":"Female"},
{"first_name":"Riobard","last_name":"Degg","email":"rdegg79@yolasite.com","gender":"Bigender"},
{"first_name":"Bernetta","last_name":"Dalman","email":"bdalman7a@miitbeian.gov.cn","gender":"Female"},
{"first_name":"Finn","last_name":"Brimson","email":"fbrimson7b@ucoz.com","gender":"Male"},
{"first_name":"Giffy","last_name":"Lantuff","email":"glantuff7c@wufoo.com","gender":"Male"},
{"first_name":"Joella","last_name":"Schwandner","email":"jschwandner7d@instagram.com","gender":"Female"},
{"first_name":"Iorgos","last_name":"Pimblott","email":"ipimblott7e@sitemeter.com","gender":"Male"},
{"first_name":"Inna","last_name":"Dobkin","email":"idobkin7f@about.me","gender":"Female"},
{"first_name":"Keelby","last_name":"Celes","email":"kceles7g@icq.com","gender":"Male"},
{"first_name":"Melisande","last_name":"McArdle","email":"mmcardle7h@usatoday.com","gender":"Female"},
{"first_name":"Iris","last_name":"Batecok","email":"ibatecok7i@fda.gov","gender":"Female"},
{"first_name":"Merci","last_name":"Kowal","email":"mkowal7j@theglobeandmail.com","gender":"Female"},
{"first_name":"Valina","last_name":"Prater","email":"vprater7k@prnewswire.com","gender":"Female"},
{"first_name":"Kym","last_name":"Van Halle","email":"kvanhalle7l@simplemachines.org","gender":"Female"},
{"first_name":"Mirella","last_name":"Glynn","email":"mglynn7m@google.com.au","gender":"Female"},
{"first_name":"Deb","last_name":"Sandison","email":"dsandison7n@princeton.edu","gender":"Female"},
{"first_name":"Mendel","last_name":"Bengoechea","email":"mbengoechea7o@blogtalkradio.com","gender":"Male"},
{"first_name":"Anselma","last_name":"Calcraft","email":"acalcraft7p@china.com.cn","gender":"Female"},
{"first_name":"Derron","last_name":"Moar","email":"dmoar7q@shareasale.com","gender":"Male"},
{"first_name":"Elfrieda","last_name":"Bick","email":"ebick7r@dagondesign.com","gender":"Female"},
{"first_name":"Thorny","last_name":"Angeau","email":"tangeau7s@4shared.com","gender":"Male"},
{"first_name":"Arlin","last_name":"Roofe","email":"aroofe7t@yellowpages.com","gender":"Polygender"},
{"first_name":"Garv","last_name":"Custed","email":"gcusted7u@usnews.com","gender":"Male"},
{"first_name":"Parrnell","last_name":"Haugen","email":"phaugen7v@liveinternet.ru","gender":"Male"},
{"first_name":"Augy","last_name":"Ciccotto","email":"aciccotto7w@dropbox.com","gender":"Male"},
{"first_name":"Friedrick","last_name":"Flaherty","email":"fflaherty7x@wp.com","gender":"Male"},
{"first_name":"Waneta","last_name":"Fegan","email":"wfegan7y@nifty.com","gender":"Agender"},
{"first_name":"Domini","last_name":"Dysert","email":"ddysert7z@admin.ch","gender":"Female"},
{"first_name":"Corabel","last_name":"Brignell","email":"cbrignell80@mashable.com","gender":"Female"},
{"first_name":"Kaia","last_name":"Bamell","email":"kbamell81@ning.com","gender":"Female"},
{"first_name":"Kory","last_name":"Gillson","email":"kgillson82@blogtalkradio.com","gender":"Male"},
{"first_name":"Taite","last_name":"Abreheart","email":"tabreheart83@imgur.com","gender":"Genderfluid"},
{"first_name":"Sophey","last_name":"Kneesha","email":"skneesha84@ft.com","gender":"Female"},
{"first_name":"Ilyse","last_name":"Sheryne","email":"isheryne85@chronoengine.com","gender":"Female"},
{"first_name":"Kalina","last_name":"Aherne","email":"kaherne86@technorati.com","gender":"Female"},
{"first_name":"Nydia","last_name":"Mauchlen","email":"nmauchlen87@smugmug.com","gender":"Female"},
{"first_name":"Feodora","last_name":"Wardrope","email":"fwardrope88@hp.com","gender":"Female"},
{"first_name":"Bride","last_name":"Durkin","email":"bdurkin89@tripadvisor.com","gender":"Female"},
{"first_name":"Turner","last_name":"Thackwray","email":"tthackwray8a@ebay.co.uk","gender":"Male"},
{"first_name":"Bessy","last_name":"Skep","email":"bskep8b@redcross.org","gender":"Female"},
{"first_name":"Mohandas","last_name":"Hatley","email":"mhatley8c@cnbc.com","gender":"Male"},
{"first_name":"Abbey","last_name":"Mc Harg","email":"amcharg8d@house.gov","gender":"Female"},
{"first_name":"Stillman","last_name":"Titterrell","email":"stitterrell8e@nature.com","gender":"Male"},
{"first_name":"Issiah","last_name":"MacQuarrie","email":"imacquarrie8f@forbes.com","gender":"Male"},
{"first_name":"Jeanette","last_name":"Aysik","email":"jaysik8g@imageshack.us","gender":"Female"},
{"first_name":"Antonetta","last_name":"Whorf","email":"awhorf8h@zdnet.com","gender":"Female"},
{"first_name":"Neysa","last_name":"Alywen","email":"nalywen8i@engadget.com","gender":"Genderqueer"},
{"first_name":"Rosanne","last_name":"Wodham","email":"rwodham8j@homestead.com","gender":"Female"},
{"first_name":"Cosmo","last_name":"Gapp","email":"cgapp8k@comsenz.com","gender":"Male"},
{"first_name":"Tracie","last_name":"Lesurf","email":"tlesurf8l@uiuc.edu","gender":"Female"},
{"first_name":"Pris","last_name":"Killbey","email":"pkillbey8m@apple.com","gender":"Female"},
{"first_name":"Nady","last_name":"Filchakov","email":"nfilchakov8n@csmonitor.com","gender":"Female"},
{"first_name":"Branden","last_name":"Pithie","email":"bpithie8o@phoca.cz","gender":"Male"},
{"first_name":"Eve","last_name":"MacCoveney","email":"emaccoveney8p@bigcartel.com","gender":"Female"},
{"first_name":"Ingeberg","last_name":"Norwood","email":"inorwood8q@digg.com","gender":"Female"},
{"first_name":"Giorgio","last_name":"Rowena","email":"growena8r@cbc.ca","gender":"Male"},
{"first_name":"Rebe","last_name":"Crocombe","email":"rcrocombe8s@spiegel.de","gender":"Female"},
{"first_name":"Merridie","last_name":"Clearie","email":"mclearie8t@wordpress.org","gender":"Female"},
{"first_name":"Sada","last_name":"Jossel","email":"sjossel8u@1und1.de","gender":"Bigender"},
{"first_name":"Shanta","last_name":"Boughtflower","email":"sboughtflower8v@cloudflare.com","gender":"Female"},
{"first_name":"Wilt","last_name":"Skyner","email":"wskyner8w@bloglovin.com","gender":"Male"},
{"first_name":"Renell","last_name":"Gonneau","email":"rgonneau8x@jugem.jp","gender":"Female"},
{"first_name":"Christine","last_name":"Le Breton De La Vieuville","email":"clebretondelavieuville8y@patch.com","gender":"Female"},
{"first_name":"Louie","last_name":"Croysdale","email":"lcroysdale8z@slashdot.org","gender":"Male"},
{"first_name":"Wilona","last_name":"Cutmore","email":"wcutmore90@usa.gov","gender":"Female"},
{"first_name":"Jamaal","last_name":"Izaac","email":"jizaac91@dion.ne.jp","gender":"Male"},
{"first_name":"Normy","last_name":"Girogetti","email":"ngirogetti92@photobucket.com","gender":"Male"},
{"first_name":"Penelope","last_name":"Romeril","email":"promeril93@bizjournals.com","gender":"Female"},
{"first_name":"Lindsy","last_name":"Dollard","email":"ldollard94@princeton.edu","gender":"Female"},
{"first_name":"Jessi","last_name":"Gooderridge","email":"jgooderridge95@phpbb.com","gender":"Female"},
{"first_name":"Julie","last_name":"Harrild","email":"jharrild96@dion.ne.jp","gender":"Female"},
{"first_name":"Zaccaria","last_name":"Worsfield","email":"zworsfield97@skyrock.com","gender":"Male"},
{"first_name":"Evita","last_name":"Demare","email":"edemare98@icio.us","gender":"Female"},
{"first_name":"Ezekiel","last_name":"Filipczak","email":"efilipczak99@ask.com","gender":"Male"},
{"first_name":"Brynne","last_name":"Bullman","email":"bbullman9a@wikia.com","gender":"Female"},
{"first_name":"Tanner","last_name":"Coplestone","email":"tcoplestone9b@answers.com","gender":"Male"},
{"first_name":"Ada","last_name":"Craw","email":"acraw9c@marketwatch.com","gender":"Female"},
{"first_name":"Bing","last_name":"Estrella","email":"bestrella9d@pagesperso-orange.fr","gender":"Polygender"},
{"first_name":"Meade","last_name":"Sarjent","email":"msarjent9e@technorati.com","gender":"Male"},
{"first_name":"Misti","last_name":"Thaim","email":"mthaim9f@dedecms.com","gender":"Female"},
{"first_name":"Talbot","last_name":"Hastie","email":"thastie9g@nps.gov","gender":"Male"},
{"first_name":"Flynn","last_name":"Gullen","email":"fgullen9h@bluehost.com","gender":"Male"},
{"first_name":"Cullie","last_name":"Corneck","email":"ccorneck9i@csmonitor.com","gender":"Male"},
{"first_name":"Arlen","last_name":"Downs","email":"adowns9j@cornell.edu","gender":"Male"},
{"first_name":"Ruth","last_name":"Linsley","email":"rlinsley9k@google.nl","gender":"Female"},
{"first_name":"Lura","last_name":"Panas","email":"lpanas9l@patch.com","gender":"Female"},
{"first_name":"Nerty","last_name":"Bavister","email":"nbavister9m@foxnews.com","gender":"Female"},
{"first_name":"Jaime","last_name":"Mapis","email":"jmapis9n@gnu.org","gender":"Female"},
{"first_name":"Gauthier","last_name":"Heaysman","email":"gheaysman9o@wp.com","gender":"Male"},
{"first_name":"Skippie","last_name":"Batting","email":"sbatting9p@google.ru","gender":"Male"},
{"first_name":"Catrina","last_name":"Dincke","email":"cdincke9q@typepad.com","gender":"Female"},
{"first_name":"Gerhardine","last_name":"Stribbling","email":"gstribbling9r@networkadvertising.org","gender":"Female"},
{"first_name":"Sherry","last_name":"Danzig","email":"sdanzig9s@soundcloud.com","gender":"Genderqueer"},
{"first_name":"Julieta","last_name":"Kynder","email":"jkynder9t@wordpress.com","gender":"Agender"},
{"first_name":"Virgie","last_name":"Hoodlass","email":"vhoodlass9u@netscape.com","gender":"Male"},
{"first_name":"Sigismond","last_name":"Phuprate","email":"sphuprate9v@eepurl.com","gender":"Male"},
{"first_name":"Tonie","last_name":"Poure","email":"tpoure9w@about.com","gender":"Female"},
{"first_name":"Jeni","last_name":"Ikin","email":"jikin9x@wp.com","gender":"Female"},
{"first_name":"Brnaba","last_name":"Trimmill","email":"btrimmill9y@lulu.com","gender":"Male"},
{"first_name":"Orton","last_name":"Snodin","email":"osnodin9z@fastcompany.com","gender":"Non-binary"},
{"first_name":"Natka","last_name":"Hanks","email":"nhanksa0@mac.com","gender":"Female"},
{"first_name":"Ashlee","last_name":"Jewsbury","email":"ajewsburya1@privacy.gov.au","gender":"Female"},
{"first_name":"Rivi","last_name":"Aronow","email":"raronowa2@ameblo.jp","gender":"Female"},
{"first_name":"Lefty","last_name":"Simkovitz","email":"lsimkovitza3@yelp.com","gender":"Agender"},
{"first_name":"Bale","last_name":"Winskill","email":"bwinskilla4@newyorker.com","gender":"Male"},
{"first_name":"Ketti","last_name":"Olexa","email":"kolexaa5@telegraph.co.uk","gender":"Female"},
{"first_name":"Verina","last_name":"Stoyell","email":"vstoyella6@answers.com","gender":"Female"},
{"first_name":"Mendie","last_name":"Skevington","email":"mskevingtona7@ehow.com","gender":"Non-binary"},
{"first_name":"Milli","last_name":"Ebi","email":"mebia8@ebay.com","gender":"Female"},
{"first_name":"Mimi","last_name":"Vaggs","email":"mvaggsa9@skyrock.com","gender":"Female"},
{"first_name":"Phyllis","last_name":"Sivil","email":"psivilaa@mlb.com","gender":"Female"},
{"first_name":"Elmer","last_name":"Jahnke","email":"ejahnkeab@cbslocal.com","gender":"Male"},
{"first_name":"Issie","last_name":"Peres","email":"iperesac@over-blog.com","gender":"Female"},
{"first_name":"Juline","last_name":"Tilling","email":"jtillingad@pinterest.com","gender":"Female"},
{"first_name":"Halsey","last_name":"Simnel","email":"hsimnelae@qq.com","gender":"Male"},
{"first_name":"Lonna","last_name":"Boother","email":"lbootheraf@independent.co.uk","gender":"Female"},
{"first_name":"Lucie","last_name":"Duffrie","email":"lduffrieag@live.com","gender":"Genderqueer"},
{"first_name":"Storm","last_name":"Hartlebury","email":"shartleburyah@cdc.gov","gender":"Female"},
{"first_name":"Juli","last_name":"Currier","email":"jcurrierai@foxnews.com","gender":"Female"},
{"first_name":"Kasey","last_name":"Kellogg","email":"kkelloggaj@angelfire.com","gender":"Female"},
{"first_name":"Nancy","last_name":"Fenne","email":"nfenneak@wired.com","gender":"Female"},
{"first_name":"Michelina","last_name":"Bosward","email":"mboswardal@discuz.net","gender":"Female"},
{"first_name":"Caron","last_name":"Luigi","email":"cluigiam@nba.com","gender":"Female"},
{"first_name":"Palm","last_name":"Crosio","email":"pcrosioan@people.com.cn","gender":"Male"},
{"first_name":"Gilles","last_name":"Blesing","email":"gblesingao@yandex.ru","gender":"Male"},
{"first_name":"Zuzana","last_name":"Danell","email":"zdanellap@home.pl","gender":"Female"},
{"first_name":"Randolph","last_name":"Mongeot","email":"rmongeotaq@businessinsider.com","gender":"Male"},
{"first_name":"Reinhold","last_name":"Belk","email":"rbelkar@howstuffworks.com","gender":"Male"},
{"first_name":"Petrina","last_name":"Knath","email":"pknathas@themeforest.net","gender":"Female"},
{"first_name":"Dione","last_name":"Rowet","email":"drowetat@sogou.com","gender":"Female"},
{"first_name":"Jennine","last_name":"Denkel","email":"jdenkelau@unblog.fr","gender":"Female"},
{"first_name":"Madelena","last_name":"Rediers","email":"mrediersav@vkontakte.ru","gender":"Female"},
{"first_name":"Madeleine","last_name":"Streatfield","email":"mstreatfieldaw@woothemes.com","gender":"Female"},
{"first_name":"Daryn","last_name":"Kyllford","email":"dkyllfordax@shutterfly.com","gender":"Female"},
{"first_name":"Lindi","last_name":"Rawle","email":"lrawleay@hao123.com","gender":"Non-binary"},
{"first_name":"Sylas","last_name":"Wise","email":"swiseaz@feedburner.com","gender":"Male"},
{"first_name":"Banky","last_name":"Warre","email":"bwarreb0@nydailynews.com","gender":"Male"},
{"first_name":"Dick","last_name":"Silvers","email":"dsilversb1@addthis.com","gender":"Male"},
{"first_name":"Oralla","last_name":"Hylands","email":"ohylandsb2@smugmug.com","gender":"Female"},
{"first_name":"Gerladina","last_name":"Koeppke","email":"gkoeppkeb3@cocolog-nifty.com","gender":"Female"},
{"first_name":"Kermie","last_name":"Pask","email":"kpaskb4@webeden.co.uk","gender":"Male"},
{"first_name":"Ashly","last_name":"Frift","email":"afriftb5@quantcast.com","gender":"Female"},
{"first_name":"Tanhya","last_name":"Penson","email":"tpensonb6@stumbleupon.com","gender":"Female"},
{"first_name":"Erminie","last_name":"Boole","email":"ebooleb7@ocn.ne.jp","gender":"Female"},
{"first_name":"Kirsteni","last_name":"Rehme","email":"krehmeb8@purevolume.com","gender":"Female"},
{"first_name":"Codee","last_name":"Beavis","email":"cbeavisb9@wix.com","gender":"Female"},
{"first_name":"Carie","last_name":"Jude","email":"cjudeba@altervista.org","gender":"Female"},
{"first_name":"Clari","last_name":"Marklow","email":"cmarklowbb@mac.com","gender":"Female"},
{"first_name":"Obie","last_name":"Honnicott","email":"ohonnicottbc@mac.com","gender":"Male"},
{"first_name":"Thoma","last_name":"Underdown","email":"tunderdownbd@indiegogo.com","gender":"Male"},
{"first_name":"Cobbie","last_name":"Franchyonok","email":"cfranchyonokbe@cnbc.com","gender":"Male"},
{"first_name":"Ximenes","last_name":"Jeannaud","email":"xjeannaudbf@amazonaws.com","gender":"Male"},
{"first_name":"Neil","last_name":"Masser","email":"nmasserbg@cargocollective.com","gender":"Male"},
{"first_name":"Pietro","last_name":"Copper","email":"pcopperbh@wired.com","gender":"Male"},
{"first_name":"Lissi","last_name":"Garroway","email":"lgarrowaybi@opensource.org","gender":"Genderfluid"},
{"first_name":"Vonni","last_name":"Jouannisson","email":"vjouannissonbj@fc2.com","gender":"Female"},
{"first_name":"Catlin","last_name":"Eynaud","email":"ceynaudbk@chicagotribune.com","gender":"Female"},
{"first_name":"Magdaia","last_name":"Laird","email":"mlairdbl@nhs.uk","gender":"Female"},
{"first_name":"Halley","last_name":"Cherrett","email":"hcherrettbm@list-manage.com","gender":"Female"},
{"first_name":"Ninetta","last_name":"Jorck","email":"njorckbn@marketwatch.com","gender":"Female"},
{"first_name":"Joe","last_name":"Lidgerton","email":"jlidgertonbo@shinystat.com","gender":"Male"},
{"first_name":"Teresina","last_name":"McGilroy","email":"tmcgilroybp@oracle.com","gender":"Female"},
{"first_name":"Wells","last_name":"Lehr","email":"wlehrbq@paginegialle.it","gender":"Male"},
{"first_name":"Gwen","last_name":"Johannes","email":"gjohannesbr@rediff.com","gender":"Bigender"},
{"first_name":"Raquel","last_name":"Bowry","email":"rbowrybs@merriam-webster.com","gender":"Female"},
{"first_name":"Eduino","last_name":"Bohlens","email":"ebohlensbt@wikia.com","gender":"Male"},
{"first_name":"Cortie","last_name":"Barbosa","email":"cbarbosabu@oracle.com","gender":"Male"},
{"first_name":"Yurik","last_name":"Harbron","email":"yharbronbv@phpbb.com","gender":"Male"},
{"first_name":"Amandie","last_name":"Gregoli","email":"agregolibw@angelfire.com","gender":"Female"},
{"first_name":"Ignazio","last_name":"Dancy","email":"idancybx@newyorker.com","gender":"Male"},
{"first_name":"Malvin","last_name":"Urwin","email":"murwinby@dropbox.com","gender":"Male"},
{"first_name":"Pepito","last_name":"Wittrington","email":"pwittringtonbz@t-online.de","gender":"Male"},
{"first_name":"Aguie","last_name":"Joincey","email":"ajoinceyc0@qq.com","gender":"Male"},
{"first_name":"Hilliary","last_name":"Geare","email":"hgearec1@tripod.com","gender":"Female"},
{"first_name":"Calvin","last_name":"Rimbault","email":"crimbaultc2@over-blog.com","gender":"Male"},
{"first_name":"Marius","last_name":"Janney","email":"mjanneyc3@list-manage.com","gender":"Male"},
{"first_name":"Lin","last_name":"Seger","email":"lsegerc4@washingtonpost.com","gender":"Male"},
{"first_name":"Brigitte","last_name":"Mussettini","email":"bmussettinic5@msn.com","gender":"Female"},
{"first_name":"Marj","last_name":"Johanssen","email":"mjohanssenc6@usda.gov","gender":"Female"},
{"first_name":"Ediva","last_name":"Sparshatt","email":"esparshattc7@drupal.org","gender":"Female"},
{"first_name":"Morgen","last_name":"Cosgreave","email":"mcosgreavec8@paginegialle.it","gender":"Male"},
{"first_name":"Salli","last_name":"Di Iorio","email":"sdiiorioc9@oracle.com","gender":"Female"},
{"first_name":"Nicolina","last_name":"Sisey","email":"nsiseyca@sbwire.com","gender":"Female"},
{"first_name":"Benjamen","last_name":"Kiera","email":"bkieracb@prnewswire.com","gender":"Male"},
{"first_name":"Marcie","last_name":"Caltera","email":"mcalteracc@amazon.de","gender":"Female"},
{"first_name":"Daveen","last_name":"Giamelli","email":"dgiamellicd@diigo.com","gender":"Female"},
{"first_name":"Ola","last_name":"Causton","email":"ocaustonce@arizona.edu","gender":"Female"},
{"first_name":"Heinrik","last_name":"Meus","email":"hmeuscf@amazonaws.com","gender":"Male"},
{"first_name":"Benetta","last_name":"Ashton","email":"bashtoncg@howstuffworks.com","gender":"Female"},
{"first_name":"Joby","last_name":"Whiffin","email":"jwhiffinch@zdnet.com","gender":"Polygender"},
{"first_name":"Chris","last_name":"Gummary","email":"cgummaryci@go.com","gender":"Male"},
{"first_name":"Chelsey","last_name":"Fernant","email":"cfernantcj@webs.com","gender":"Female"},
{"first_name":"Becca","last_name":"Chasson","email":"bchassonck@weibo.com","gender":"Female"},
{"first_name":"Frants","last_name":"Bramham","email":"fbramhamcl@amazon.co.uk","gender":"Male"},
{"first_name":"Warden","last_name":"Wallman","email":"wwallmancm@accuweather.com","gender":"Male"},
{"first_name":"Oralee","last_name":"Dundon","email":"odundoncn@theguardian.com","gender":"Female"},
{"first_name":"Fairfax","last_name":"Varsey","email":"fvarseyco@dell.com","gender":"Male"},
{"first_name":"Gard","last_name":"Delf","email":"gdelfcp@live.com","gender":"Male"},
{"first_name":"Antonino","last_name":"Downs","email":"adownscq@home.pl","gender":"Genderfluid"},
{"first_name":"Kalil","last_name":"Fogarty","email":"kfogartycr@java.com","gender":"Male"},
{"first_name":"Adrea","last_name":"Levings","email":"alevingscs@ihg.com","gender":"Non-binary"},
{"first_name":"Drusi","last_name":"Rutley","email":"drutleyct@addthis.com","gender":"Female"},
{"first_name":"Philis","last_name":"Hackin","email":"phackincu@photobucket.com","gender":"Female"},
{"first_name":"Warren","last_name":"Mowat","email":"wmowatcv@ustream.tv","gender":"Male"},
{"first_name":"Ulrich","last_name":"Crocumbe","email":"ucrocumbecw@amazon.co.jp","gender":"Male"},
{"first_name":"Gilligan","last_name":"Cawsey","email":"gcawseycx@arstechnica.com","gender":"Female"},
{"first_name":"Cesar","last_name":"Stennet","email":"cstennetcy@tinyurl.com","gender":"Male"},
{"first_name":"Lucie","last_name":"Bramble","email":"lbramblecz@desdev.cn","gender":"Female"},
{"first_name":"Mahalia","last_name":"Huckster","email":"mhucksterd0@usgs.gov","gender":"Female"},
{"first_name":"Byran","last_name":"Chill","email":"bchilld1@mac.com","gender":"Male"},
{"first_name":"Claiborne","last_name":"Curds","email":"ccurdsd2@histats.com","gender":"Male"},
{"first_name":"Darwin","last_name":"Seaborne","email":"dseaborned3@icq.com","gender":"Male"},
{"first_name":"Leone","last_name":"Wozencroft","email":"lwozencroftd4@archive.org","gender":"Female"},
{"first_name":"Kylie","last_name":"Gornall","email":"kgornalld5@indiatimes.com","gender":"Agender"},
{"first_name":"Alvin","last_name":"Dikles","email":"adiklesd6@pagesperso-orange.fr","gender":"Male"},
{"first_name":"Randall","last_name":"Henrion","email":"rhenriond7@va.gov","gender":"Male"},
{"first_name":"Kahaleel","last_name":"Gorringe","email":"kgorringed8@taobao.com","gender":"Male"},
{"first_name":"Ki","last_name":"Rodolf","email":"krodolfd9@latimes.com","gender":"Female"},
{"first_name":"Diane-marie","last_name":"Timmons","email":"dtimmonsda@ftc.gov","gender":"Female"},
{"first_name":"Bobbie","last_name":"Hakes","email":"bhakesdb@deviantart.com","gender":"Female"},
{"first_name":"Gayla","last_name":"Featherstone","email":"gfeatherstonedc@istockphoto.com","gender":"Female"},
{"first_name":"Mariam","last_name":"Goggey","email":"mgoggeydd@bizjournals.com","gender":"Female"},
{"first_name":"Nissa","last_name":"Deerr","email":"ndeerrde@oracle.com","gender":"Female"},
{"first_name":"Barn","last_name":"Foat","email":"bfoatdf@studiopress.com","gender":"Male"},
{"first_name":"Shem","last_name":"Beinisch","email":"sbeinischdg@taobao.com","gender":"Male"},
{"first_name":"Kelli","last_name":"Frick","email":"kfrickdh@gnu.org","gender":"Female"},
{"first_name":"Natalya","last_name":"Sangwin","email":"nsangwindi@google.fr","gender":"Female"},
{"first_name":"Ania","last_name":"Matteini","email":"amatteinidj@xrea.com","gender":"Female"},
{"first_name":"Claudianus","last_name":"Rupert","email":"crupertdk@phpbb.com","gender":"Male"},
{"first_name":"Diandra","last_name":"Fall","email":"dfalldl@ehow.com","gender":"Female"},
{"first_name":"Jenny","last_name":"Duerden","email":"jduerdendm@aboutads.info","gender":"Female"},
{"first_name":"Mycah","last_name":"Rennison","email":"mrennisondn@imgur.com","gender":"Male"},
{"first_name":"Gloria","last_name":"Wodham","email":"gwodhamdo@123-reg.co.uk","gender":"Female"},
{"first_name":"Phaedra","last_name":"Frear","email":"pfreardp@oakley.com","gender":"Female"},
{"first_name":"Amerigo","last_name":"Ackerley","email":"aackerleydq@quantcast.com","gender":"Male"},
{"first_name":"Donnie","last_name":"Mullinder","email":"dmullinderdr@hubpages.com","gender":"Female"},
{"first_name":"Isahella","last_name":"Iannello","email":"iiannellods@zimbio.com","gender":"Female"},
{"first_name":"Halsy","last_name":"Thrussell","email":"hthrusselldt@bbb.org","gender":"Male"},
{"first_name":"Ali","last_name":"Melmar","email":"amelmardu@epa.gov","gender":"Male"},
{"first_name":"Marius","last_name":"Handes","email":"mhandesdv@paypal.com","gender":"Male"},
{"first_name":"Abeu","last_name":"Fawson","email":"afawsondw@adobe.com","gender":"Male"},
{"first_name":"Walliw","last_name":"Vicar","email":"wvicardx@gmpg.org","gender":"Female"},
{"first_name":"Kellia","last_name":"Lorenzo","email":"klorenzody@washington.edu","gender":"Female"},
{"first_name":"Meridith","last_name":"Robinet","email":"mrobinetdz@youtube.com","gender":"Female"},
{"first_name":"Neile","last_name":"Huckle","email":"nhucklee0@mysql.com","gender":"Female"},
{"first_name":"Letti","last_name":"Krystek","email":"lkrysteke1@shinystat.com","gender":"Female"},
{"first_name":"Merrill","last_name":"Castell","email":"mcastelle2@webnode.com","gender":"Male"},
{"first_name":"Joelie","last_name":"Blaise","email":"jblaisee3@msu.edu","gender":"Bigender"},
{"first_name":"Gibb","last_name":"Messingham","email":"gmessinghame4@japanpost.jp","gender":"Male"},
{"first_name":"Harley","last_name":"Beacon","email":"hbeacone5@paypal.com","gender":"Male"},
{"first_name":"Darbee","last_name":"Clyburn","email":"dclyburne6@behance.net","gender":"Male"},
{"first_name":"Carine","last_name":"Bonifazio","email":"cbonifazioe7@sfgate.com","gender":"Female"},
{"first_name":"Letti","last_name":"McLuckie","email":"lmcluckiee8@moonfruit.com","gender":"Female"},
{"first_name":"Clayton","last_name":"Giannazzo","email":"cgiannazzoe9@hp.com","gender":"Male"},
{"first_name":"Phil","last_name":"Sweed","email":"psweedea@comsenz.com","gender":"Female"},
{"first_name":"Isac","last_name":"Klamp","email":"iklampeb@addtoany.com","gender":"Male"},
{"first_name":"Marcela","last_name":"Reicharz","email":"mreicharzec@surveymonkey.com","gender":"Female"},
{"first_name":"Cecilla","last_name":"Roseblade","email":"crosebladeed@imdb.com","gender":"Female"},
{"first_name":"Robinia","last_name":"Jizhaki","email":"rjizhakiee@imgur.com","gender":"Female"},
{"first_name":"Enriqueta","last_name":"Kummerlowe","email":"ekummerloweef@com.com","gender":"Female"},
{"first_name":"Nigel","last_name":"Treneer","email":"ntreneereg@soup.io","gender":"Male"},
{"first_name":"Myrta","last_name":"Czajkowski","email":"mczajkowskieh@washington.edu","gender":"Female"},
{"first_name":"Edwina","last_name":"Richardon","email":"erichardonei@cdc.gov","gender":"Female"},
{"first_name":"King","last_name":"Boles","email":"kbolesej@prlog.org","gender":"Male"},
{"first_name":"Deedee","last_name":"Booi","email":"dbooiek@webs.com","gender":"Female"},
{"first_name":"Read","last_name":"Trendle","email":"rtrendleel@theguardian.com","gender":"Male"},
{"first_name":"Perry","last_name":"Breche","email":"pbrecheem@csmonitor.com","gender":"Genderqueer"},
{"first_name":"Rani","last_name":"Choffin","email":"rchoffinen@wp.com","gender":"Female"},
{"first_name":"Osbert","last_name":"Feaver","email":"ofeavereo@wired.com","gender":"Male"},
{"first_name":"Cassie","last_name":"Cattell","email":"ccattellep@furl.net","gender":"Male"},
{"first_name":"Ruthann","last_name":"Ansell","email":"ranselleq@vistaprint.com","gender":"Female"},
{"first_name":"Fancie","last_name":"Filippucci","email":"ffilippuccier@gov.uk","gender":"Female"},
{"first_name":"Hobey","last_name":"Tourner","email":"htourneres@joomla.org","gender":"Male"},
{"first_name":"Corinne","last_name":"Joan","email":"cjoanet@miibeian.gov.cn","gender":"Female"},
{"first_name":"Humberto","last_name":"Ector","email":"hectoreu@t.co","gender":"Male"},
{"first_name":"Lexie","last_name":"Saby","email":"lsabyev@ucoz.com","gender":"Female"},
{"first_name":"Damita","last_name":"Dunnico","email":"ddunnicoew@twitpic.com","gender":"Female"},
{"first_name":"Tom","last_name":"Woofenden","email":"twoofendenex@comcast.net","gender":"Male"},
{"first_name":"Nettie","last_name":"Papes","email":"npapesey@abc.net.au","gender":"Female"},
{"first_name":"Stephan","last_name":"Canas","email":"scanasez@indiatimes.com","gender":"Male"},
{"first_name":"Tallie","last_name":"Fluit","email":"tfluitf0@baidu.com","gender":"Male"},
{"first_name":"Minnie","last_name":"Holt","email":"mholtf1@histats.com","gender":"Female"},
{"first_name":"Melantha","last_name":"Pawson","email":"mpawsonf2@freewebs.com","gender":"Female"},
{"first_name":"Eustacia","last_name":"Broker","email":"ebrokerf3@studiopress.com","gender":"Female"},
{"first_name":"Rowen","last_name":"Verrills","email":"rverrillsf4@smh.com.au","gender":"Male"},
{"first_name":"Eustacia","last_name":"Benninck","email":"ebenninckf5@people.com.cn","gender":"Female"},
{"first_name":"Farly","last_name":"Isaacson","email":"fisaacsonf6@people.com.cn","gender":"Male"},
{"first_name":"Dwight","last_name":"Oxbrough","email":"doxbroughf7@dagondesign.com","gender":"Male"},
{"first_name":"Ado","last_name":"Tetsall","email":"atetsallf8@businessinsider.com","gender":"Male"},
{"first_name":"Keriann","last_name":"Sorley","email":"ksorleyf9@aol.com","gender":"Agender"},
{"first_name":"Margery","last_name":"Ducarne","email":"mducarnefa@bluehost.com","gender":"Female"},
{"first_name":"Julianna","last_name":"Kirlin","email":"jkirlinfb@mtv.com","gender":"Female"},
{"first_name":"Thea","last_name":"Djurdjevic","email":"tdjurdjevicfc@photobucket.com","gender":"Female"},
{"first_name":"Debbi","last_name":"Lonsdale","email":"dlonsdalefd@dell.com","gender":"Female"},
{"first_name":"Dorena","last_name":"Rowaszkiewicz","email":"drowaszkiewiczfe@mail.ru","gender":"Female"},
{"first_name":"Erastus","last_name":"Eplett","email":"eeplettff@wired.com","gender":"Male"},
{"first_name":"Claretta","last_name":"Everest","email":"ceverestfg@trellian.com","gender":"Female"},
{"first_name":"Tarra","last_name":"Playle","email":"tplaylefh@tiny.cc","gender":"Female"},
{"first_name":"Vaughan","last_name":"Etherington","email":"vetheringtonfi@psu.edu","gender":"Male"},
{"first_name":"Susanetta","last_name":"White","email":"swhitefj@timesonline.co.uk","gender":"Female"},
{"first_name":"Blakeley","last_name":"Seabert","email":"bseabertfk@dot.gov","gender":"Female"},
{"first_name":"Donny","last_name":"Duiged","email":"dduigedfl@behance.net","gender":"Female"},
{"first_name":"Pru","last_name":"Kosiada","email":"pkosiadafm@google.ru","gender":"Female"},
{"first_name":"Alejoa","last_name":"Boik","email":"aboikfn@foxnews.com","gender":"Male"},
{"first_name":"Latia","last_name":"Ricciardi","email":"lricciardifo@columbia.edu","gender":"Female"},
{"first_name":"Babs","last_name":"Oubridge","email":"boubridgefp@e-recht24.de","gender":"Female"},
{"first_name":"Barret","last_name":"Bampford","email":"bbampfordfq@wix.com","gender":"Male"},
{"first_name":"Zane","last_name":"Sapey","email":"zsapeyfr@etsy.com","gender":"Male"},
{"first_name":"Rozella","last_name":"Dominick","email":"rdominickfs@wix.com","gender":"Female"},
{"first_name":"Andre","last_name":"Gianuzzi","email":"agianuzzift@github.com","gender":"Male"},
{"first_name":"Vidovic","last_name":"Maasze","email":"vmaaszefu@cargocollective.com","gender":"Male"},
{"first_name":"Dulcinea","last_name":"Lodevick","email":"dlodevickfv@chronoengine.com","gender":"Female"},
{"first_name":"Gardie","last_name":"Hakking","email":"ghakkingfw@unblog.fr","gender":"Male"},
{"first_name":"Dixie","last_name":"Schechter","email":"dschechterfx@samsung.com","gender":"Female"},
{"first_name":"Lauren","last_name":"Bille","email":"lbillefy@infoseek.co.jp","gender":"Male"},
{"first_name":"Kaleena","last_name":"Jimson","email":"kjimsonfz@washington.edu","gender":"Non-binary"},
{"first_name":"Hyacinth","last_name":"Odger","email":"hodgerg0@addtoany.com","gender":"Female"},
{"first_name":"Eliot","last_name":"Hartington","email":"ehartingtong1@alexa.com","gender":"Male"},
{"first_name":"Shana","last_name":"McCleary","email":"smcclearyg2@nhs.uk","gender":"Female"},
{"first_name":"Beth","last_name":"Kuhnel","email":"bkuhnelg3@blogspot.com","gender":"Female"},
{"first_name":"Lin","last_name":"Weyland","email":"lweylandg4@sciencedirect.com","gender":"Female"},
{"first_name":"Rosabelle","last_name":"Thornton","email":"rthorntong5@odnoklassniki.ru","gender":"Female"},
{"first_name":"Sal","last_name":"Boulds","email":"sbouldsg6@tinyurl.com","gender":"Male"},
{"first_name":"Bunni","last_name":"Purcell","email":"bpurcellg7@senate.gov","gender":"Female"},
{"first_name":"Aleta","last_name":"Thorsby","email":"athorsbyg8@bluehost.com","gender":"Female"},
{"first_name":"Jess","last_name":"Sommerfeld","email":"jsommerfeldg9@g.co","gender":"Female"},
{"first_name":"Emmaline","last_name":"Channon","email":"echannonga@omniture.com","gender":"Female"},
{"first_name":"Paule","last_name":"O'Donoghue","email":"podonoghuegb@admin.ch","gender":"Female"},
{"first_name":"Cordelie","last_name":"Hovel","email":"chovelgc@paypal.com","gender":"Female"},
{"first_name":"Etienne","last_name":"Pigny","email":"epignygd@goo.ne.jp","gender":"Male"},
{"first_name":"Amalea","last_name":"Toopin","email":"atoopinge@yahoo.co.jp","gender":"Female"},
{"first_name":"Eberhard","last_name":"Tomadoni","email":"etomadonigf@dot.gov","gender":"Male"},
{"first_name":"Teddy","last_name":"Milvarnie","email":"tmilvarniegg@marriott.com","gender":"Male"},
{"first_name":"Elna","last_name":"Trimming","email":"etrimminggh@cbsnews.com","gender":"Female"},
{"first_name":"Ulberto","last_name":"Southon","email":"usouthongi@washingtonpost.com","gender":"Male"},
{"first_name":"Drusilla","last_name":"Troucher","email":"dtrouchergj@sciencedaily.com","gender":"Female"},
{"first_name":"Neile","last_name":"Boulstridge","email":"nboulstridgegk@usnews.com","gender":"Female"},
{"first_name":"Hermon","last_name":"Tremolieres","email":"htremolieresgl@wiley.com","gender":"Male"},
{"first_name":"Valene","last_name":"Pledge","email":"vpledgegm@cam.ac.uk","gender":"Bigender"},
{"first_name":"Tedmund","last_name":"Stratton","email":"tstrattongn@zdnet.com","gender":"Male"},
{"first_name":"Car","last_name":"Haughan","email":"chaughango@e-recht24.de","gender":"Genderfluid"},
{"first_name":"Neda","last_name":"Bothwell","email":"nbothwellgp@privacy.gov.au","gender":"Female"},
{"first_name":"Aviva","last_name":"Druhan","email":"adruhangq@google.it","gender":"Female"},
{"first_name":"Marice","last_name":"Tupie","email":"mtupiegr@ucoz.ru","gender":"Female"},
{"first_name":"Raviv","last_name":"Gimbrett","email":"rgimbrettgs@comsenz.com","gender":"Male"},
{"first_name":"Alexine","last_name":"Bertot","email":"abertotgt@comcast.net","gender":"Female"},
{"first_name":"Lorrie","last_name":"Slowan","email":"lslowangu@cnn.com","gender":"Male"},
{"first_name":"Ari","last_name":"Gilvary","email":"agilvarygv@phpbb.com","gender":"Male"},
{"first_name":"Tricia","last_name":"Triplett","email":"ttriplettgw@vkontakte.ru","gender":"Female"},
{"first_name":"Avril","last_name":"Cesaric","email":"acesaricgx@mail.ru","gender":"Female"},
{"first_name":"Julie","last_name":"Ballston","email":"jballstongy@slashdot.org","gender":"Male"},
{"first_name":"Martie","last_name":"Gylle","email":"mgyllegz@miibeian.gov.cn","gender":"Female"},
{"first_name":"Ron","last_name":"Gandrich","email":"rgandrichh0@sciencedirect.com","gender":"Male"},
{"first_name":"Eudora","last_name":"Issatt","email":"eissatth1@meetup.com","gender":"Female"},
{"first_name":"Anny","last_name":"State","email":"astateh2@furl.net","gender":"Polygender"},
{"first_name":"Pru","last_name":"McColgan","email":"pmccolganh3@mysql.com","gender":"Female"},
{"first_name":"Alvy","last_name":"Giorgietto","email":"agiorgiettoh4@youku.com","gender":"Genderfluid"},
{"first_name":"Evangeline","last_name":"Cowan","email":"ecowanh5@about.me","gender":"Female"},
{"first_name":"Garnet","last_name":"Godridge","email":"ggodridgeh6@auda.org.au","gender":"Female"},
{"first_name":"Chaim","last_name":"Wild","email":"cwildh7@storify.com","gender":"Male"},
{"first_name":"Titos","last_name":"Grishkov","email":"tgrishkovh8@yahoo.co.jp","gender":"Male"},
{"first_name":"Izak","last_name":"Batten","email":"ibattenh9@wisc.edu","gender":"Male"},
{"first_name":"Rosalinde","last_name":"Flott","email":"rflottha@scribd.com","gender":"Female"},
{"first_name":"Gerrie","last_name":"Stanyon","email":"gstanyonhb@zimbio.com","gender":"Male"},
{"first_name":"Laurel","last_name":"Breed","email":"lbreedhc@1und1.de","gender":"Genderfluid"},
{"first_name":"Dodie","last_name":"Rolls","email":"drollshd@1688.com","gender":"Agender"},
{"first_name":"Amaleta","last_name":"Annis","email":"aannishe@pcworld.com","gender":"Female"},
{"first_name":"Ezekiel","last_name":"Local","email":"elocalhf@alexa.com","gender":"Male"},
{"first_name":"Celene","last_name":"Henryson","email":"chenrysonhg@msu.edu","gender":"Genderfluid"},
{"first_name":"Xymenes","last_name":"Samett","email":"xsametthh@telegraph.co.uk","gender":"Male"},
{"first_name":"Curry","last_name":"Peirson","email":"cpeirsonhi@chron.com","gender":"Male"},
{"first_name":"Ulberto","last_name":"Townsley","email":"utownsleyhj@amazon.com","gender":"Male"},
{"first_name":"Myron","last_name":"Shobbrook","email":"mshobbrookhk@yolasite.com","gender":"Male"},
{"first_name":"Bertine","last_name":"Ilyin","email":"bilyinhl@networksolutions.com","gender":"Female"},
{"first_name":"Sigvard","last_name":"Crepin","email":"screpinhm@bbc.co.uk","gender":"Male"},
{"first_name":"Maggi","last_name":"Skoate","email":"mskoatehn@nature.com","gender":"Female"},
{"first_name":"Leonard","last_name":"Bunce","email":"lbunceho@cbslocal.com","gender":"Male"},
{"first_name":"Kyla","last_name":"Benfield","email":"kbenfieldhp@netlog.com","gender":"Female"},
{"first_name":"Sinclare","last_name":"Doret","email":"sdorethq@oakley.com","gender":"Male"},
{"first_name":"Sheri","last_name":"O'Rowane","email":"sorowanehr@tuttocitta.it","gender":"Female"},
{"first_name":"Yoshiko","last_name":"Winser","email":"ywinserhs@freewebs.com","gender":"Female"},
{"first_name":"Sigfried","last_name":"Berens","email":"sberensht@wunderground.com","gender":"Bigender"},
{"first_name":"Lucinda","last_name":"Ogborne","email":"logbornehu@live.com","gender":"Female"},
{"first_name":"Mariellen","last_name":"Dowbiggin","email":"mdowbigginhv@huffingtonpost.com","gender":"Female"},
{"first_name":"Heinrik","last_name":"Ashfold","email":"hashfoldhw@drupal.org","gender":"Male"},
{"first_name":"Galvin","last_name":"Bradneck","email":"gbradneckhx@blog.com","gender":"Male"},
{"first_name":"Gino","last_name":"Fotherby","email":"gfotherbyhy@symantec.com","gender":"Male"},
{"first_name":"Booth","last_name":"Greated","email":"bgreatedhz@microsoft.com","gender":"Male"},
{"first_name":"Alyosha","last_name":"Daymont","email":"adaymonti0@sogou.com","gender":"Male"},
{"first_name":"Rayner","last_name":"Guillond","email":"rguillondi1@bloglovin.com","gender":"Non-binary"},
{"first_name":"Annalise","last_name":"Alenin","email":"aalenini2@ezinearticles.com","gender":"Female"},
{"first_name":"Waite","last_name":"Ginity","email":"wginityi3@trellian.com","gender":"Male"},
{"first_name":"Marcille","last_name":"Sazio","email":"msazioi4@issuu.com","gender":"Genderqueer"},
{"first_name":"Berthe","last_name":"de'-Ancy Willis","email":"bdeancywillisi5@people.com.cn","gender":"Polygender"},
{"first_name":"Stan","last_name":"Fagence","email":"sfagencei6@drupal.org","gender":"Male"},
{"first_name":"Horacio","last_name":"Dowrey","email":"hdowreyi7@istockphoto.com","gender":"Male"},
{"first_name":"Thibaut","last_name":"Patzelt","email":"tpatzelti8@friendfeed.com","gender":"Male"},
{"first_name":"Chrissy","last_name":"Burel","email":"cbureli9@indiatimes.com","gender":"Non-binary"},
{"first_name":"Torey","last_name":"Coleford","email":"tcolefordia@hhs.gov","gender":"Genderqueer"},
{"first_name":"Vassili","last_name":"Dowzell","email":"vdowzellib@virginia.edu","gender":"Male"},
{"first_name":"Alicia","last_name":"Bailey","email":"abaileyic@ucoz.com","gender":"Female"},
{"first_name":"Bernete","last_name":"Willder","email":"bwillderid@oakley.com","gender":"Female"},
{"first_name":"Lanie","last_name":"Wentworth","email":"lwentworthie@jiathis.com","gender":"Female"},
{"first_name":"Ingemar","last_name":"Smart","email":"ismartif@barnesandnoble.com","gender":"Male"},
{"first_name":"Eleanore","last_name":"Ricoald","email":"ericoaldig@nytimes.com","gender":"Female"},
{"first_name":"Sherline","last_name":"Heims","email":"sheimsih@admin.ch","gender":"Female"},
{"first_name":"Alexandros","last_name":"Merman","email":"amermanii@t.co","gender":"Male"},
{"first_name":"Tyrone","last_name":"Aysh","email":"tayshij@scribd.com","gender":"Male"},
{"first_name":"Margie","last_name":"McAw","email":"mmcawik@wikimedia.org","gender":"Genderqueer"},
{"first_name":"Hillie","last_name":"Chasteau","email":"hchasteauil@sourceforge.net","gender":"Male"},
{"first_name":"Henrie","last_name":"Howles","email":"hhowlesim@tiny.cc","gender":"Female"},
{"first_name":"Fonsie","last_name":"Flucker","email":"ffluckerin@bigcartel.com","gender":"Male"},
{"first_name":"Kelci","last_name":"Stanistrete","email":"kstanistreteio@newyorker.com","gender":"Female"},
{"first_name":"Aryn","last_name":"Coste","email":"acosteip@economist.com","gender":"Female"},
{"first_name":"Eustacia","last_name":"Wetherill","email":"ewetherilliq@vimeo.com","gender":"Female"},
{"first_name":"Adrien","last_name":"Goseling","email":"agoselingir@mediafire.com","gender":"Male"},
{"first_name":"Edlin","last_name":"Vurley","email":"evurleyis@auda.org.au","gender":"Male"},
{"first_name":"Tomi","last_name":"Fardy","email":"tfardyit@vistaprint.com","gender":"Agender"},
{"first_name":"Jolyn","last_name":"Vardy","email":"jvardyiu@columbia.edu","gender":"Female"},
{"first_name":"Devina","last_name":"Balmadier","email":"dbalmadieriv@blogtalkradio.com","gender":"Female"},
{"first_name":"Arny","last_name":"Rumin","email":"aruminiw@oakley.com","gender":"Male"},
{"first_name":"Ernesta","last_name":"Furmston","email":"efurmstonix@topsy.com","gender":"Female"},
{"first_name":"Elliot","last_name":"Chauvey","email":"echauveyiy@fc2.com","gender":"Male"},
{"first_name":"Adrianna","last_name":"Hogsden","email":"ahogsdeniz@exblog.jp","gender":"Female"},
{"first_name":"Ivette","last_name":"Yearnsley","email":"iyearnsleyj0@nps.gov","gender":"Non-binary"},
{"first_name":"Adler","last_name":"Ladbrooke","email":"aladbrookej1@hatena.ne.jp","gender":"Male"},
{"first_name":"Felipa","last_name":"Stoves","email":"fstovesj2@hhs.gov","gender":"Female"},
{"first_name":"Marven","last_name":"Akister","email":"makisterj3@nature.com","gender":"Male"},
{"first_name":"Thomasina","last_name":"Alesbrook","email":"talesbrookj4@booking.com","gender":"Female"},
{"first_name":"Paten","last_name":"Low","email":"plowj5@redcross.org","gender":"Genderqueer"},
{"first_name":"Kimberly","last_name":"McPike","email":"kmcpikej6@hibu.com","gender":"Female"},
{"first_name":"Felicle","last_name":"Lanon","email":"flanonj7@nba.com","gender":"Female"},
{"first_name":"Joletta","last_name":"Gavan","email":"jgavanj8@state.tx.us","gender":"Female"},
{"first_name":"Ibrahim","last_name":"Gaspero","email":"igasperoj9@kickstarter.com","gender":"Male"},
{"first_name":"Dickie","last_name":"Brou","email":"dbrouja@ucoz.ru","gender":"Male"},
{"first_name":"Meta","last_name":"Pessel","email":"mpesseljb@livejournal.com","gender":"Female"},
{"first_name":"Austin","last_name":"Ketchaside","email":"aketchasidejc@ebay.com","gender":"Male"},
{"first_name":"Filberto","last_name":"Grisbrook","email":"fgrisbrookjd@hugedomains.com","gender":"Male"},
{"first_name":"Graeme","last_name":"Sugg","email":"gsuggje@cam.ac.uk","gender":"Male"},
{"first_name":"Stephen","last_name":"Gislebert","email":"sgislebertjf@weebly.com","gender":"Polygender"},
{"first_name":"Ange","last_name":"Firpo","email":"afirpojg@cdbaby.com","gender":"Male"},
{"first_name":"Xaviera","last_name":"Backes","email":"xbackesjh@baidu.com","gender":"Female"},
{"first_name":"Nollie","last_name":"Keeley","email":"nkeeleyji@w3.org","gender":"Male"},
{"first_name":"Seka","last_name":"Burdekin","email":"sburdekinjj@hugedomains.com","gender":"Female"},
{"first_name":"Blancha","last_name":"Smaleman","email":"bsmalemanjk@state.tx.us","gender":"Non-binary"},
{"first_name":"Flynn","last_name":"Schutze","email":"fschutzejl@independent.co.uk","gender":"Bigender"},
{"first_name":"Lindsey","last_name":"Cavy","email":"lcavyjm@joomla.org","gender":"Male"},
{"first_name":"Manfred","last_name":"Willox","email":"mwilloxjn@columbia.edu","gender":"Male"},
{"first_name":"Rooney","last_name":"Stock","email":"rstockjo@soup.io","gender":"Male"},
{"first_name":"Kaila","last_name":"Muehle","email":"kmuehlejp@washington.edu","gender":"Female"},
{"first_name":"Darcy","last_name":"Jennrich","email":"djennrichjq@parallels.com","gender":"Female"},
{"first_name":"Anatollo","last_name":"Itter","email":"aitterjr@mail.ru","gender":"Non-binary"},
{"first_name":"Kerk","last_name":"Radsdale","email":"kradsdalejs@disqus.com","gender":"Male"},
{"first_name":"Hyacinthie","last_name":"Trebble","email":"htrebblejt@amazonaws.com","gender":"Female"},
{"first_name":"Benito","last_name":"Domney","email":"bdomneyju@dyndns.org","gender":"Male"},
{"first_name":"Sonnie","last_name":"Ost","email":"sostjv@baidu.com","gender":"Female"},
{"first_name":"Roanna","last_name":"Beaushaw","email":"rbeaushawjw@cafepress.com","gender":"Female"},
{"first_name":"Drona","last_name":"Muttitt","email":"dmuttittjx@uol.com.br","gender":"Female"},
{"first_name":"Brandise","last_name":"Laundon","email":"blaundonjy@noaa.gov","gender":"Female"},
{"first_name":"Karim","last_name":"Hubner","email":"khubnerjz@imdb.com","gender":"Male"},
{"first_name":"Olympie","last_name":"Skegg","email":"oskeggk0@skype.com","gender":"Genderqueer"},
{"first_name":"Rheba","last_name":"Probbings","email":"rprobbingsk1@foxnews.com","gender":"Female"},
{"first_name":"Darrell","last_name":"Doelle","email":"ddoellek2@discuz.net","gender":"Male"},
{"first_name":"Devan","last_name":"Barbey","email":"dbarbeyk3@eepurl.com","gender":"Female"},
{"first_name":"Anya","last_name":"Mangeney","email":"amangeneyk4@51.la","gender":"Female"},
{"first_name":"Judah","last_name":"Howsan","email":"jhowsank5@jalbum.net","gender":"Male"},
{"first_name":"Filia","last_name":"Berrey","email":"fberreyk6@pen.io","gender":"Female"},
{"first_name":"Maxie","last_name":"Daveran","email":"mdaverank7@geocities.com","gender":"Female"},
{"first_name":"Osborn","last_name":"Fray","email":"ofrayk8@networksolutions.com","gender":"Male"},
{"first_name":"Stern","last_name":"Bonafant","email":"sbonafantk9@bravesites.com","gender":"Male"},
{"first_name":"Karmen","last_name":"Ward","email":"kwardka@java.com","gender":"Female"},
{"first_name":"Timoteo","last_name":"Harken","email":"tharkenkb@issuu.com","gender":"Male"},
{"first_name":"Sunny","last_name":"Woodhams","email":"swoodhamskc@bandcamp.com","gender":"Male"},
{"first_name":"Ivy","last_name":"Beahan","email":"ibeahankd@sourceforge.net","gender":"Female"},
{"first_name":"Kyle","last_name":"Buney","email":"kbuneyke@nba.com","gender":"Male"},
{"first_name":"Amalle","last_name":"Embling","email":"aemblingkf@plala.or.jp","gender":"Female"},
{"first_name":"Stephenie","last_name":"Huge","email":"shugekg@bravesites.com","gender":"Female"},
{"first_name":"Noreen","last_name":"Kildale","email":"nkildalekh@princeton.edu","gender":"Female"},
{"first_name":"Hall","last_name":"Pace","email":"hpaceki@liveinternet.ru","gender":"Male"},
{"first_name":"Chariot","last_name":"Tinan","email":"ctinankj@mit.edu","gender":"Genderfluid"},
{"first_name":"Gaile","last_name":"Iannini","email":"gianninikk@eventbrite.com","gender":"Male"},
{"first_name":"Case","last_name":"Danev","email":"cdanevkl@behance.net","gender":"Male"},
{"first_name":"Harlen","last_name":"Roubay","email":"hroubaykm@slideshare.net","gender":"Male"},
{"first_name":"Marlow","last_name":"Yaxley","email":"myaxleykn@yelp.com","gender":"Male"},
{"first_name":"Denys","last_name":"Reast","email":"dreastko@dagondesign.com","gender":"Male"},
{"first_name":"Gary","last_name":"Oakley","email":"goakleykp@twitpic.com","gender":"Male"},
{"first_name":"Lorin","last_name":"Dyment","email":"ldymentkq@wisc.edu","gender":"Male"},
{"first_name":"Hewitt","last_name":"Kleinsinger","email":"hkleinsingerkr@artisteer.com","gender":"Male"},
{"first_name":"Raddy","last_name":"Doche","email":"rdocheks@weibo.com","gender":"Male"},
{"first_name":"Nollie","last_name":"Gilhouley","email":"ngilhouleykt@noaa.gov","gender":"Male"},
{"first_name":"Celie","last_name":"Glanester","email":"cglanesterku@homestead.com","gender":"Female"},
{"first_name":"Sig","last_name":"Newbegin","email":"snewbeginkv@china.com.cn","gender":"Male"},
{"first_name":"Terrel","last_name":"Aindrais","email":"taindraiskw@bing.com","gender":"Male"},
{"first_name":"Trstram","last_name":"Kemster","email":"tkemsterkx@seattletimes.com","gender":"Agender"},
{"first_name":"Torrance","last_name":"Gronow","email":"tgronowky@ocn.ne.jp","gender":"Male"},
{"first_name":"Crystal","last_name":"Blenkin","email":"cblenkinkz@360.cn","gender":"Female"},
{"first_name":"Wilmar","last_name":"Sawdon","email":"wsawdonl0@bloglines.com","gender":"Male"},
{"first_name":"Heda","last_name":"Simonich","email":"hsimonichl1@upenn.edu","gender":"Female"},
{"first_name":"Chev","last_name":"Ausher","email":"causherl2@cbsnews.com","gender":"Male"},
{"first_name":"Thatcher","last_name":"Shepherd","email":"tshepherdl3@icq.com","gender":"Male"},
{"first_name":"Denni","last_name":"Adenet","email":"dadenetl4@gravatar.com","gender":"Bigender"},
{"first_name":"Margo","last_name":"Farrall","email":"mfarralll5@e-recht24.de","gender":"Female"},
{"first_name":"Carree","last_name":"Noot","email":"cnootl6@sciencedirect.com","gender":"Female"},
{"first_name":"Enrica","last_name":"Livezley","email":"elivezleyl7@forbes.com","gender":"Non-binary"},
{"first_name":"Tedi","last_name":"Aupol","email":"taupoll8@ft.com","gender":"Agender"},
{"first_name":"Brit","last_name":"Hagyard","email":"bhagyardl9@nyu.edu","gender":"Male"},
{"first_name":"Janetta","last_name":"Calven","email":"jcalvenla@ovh.net","gender":"Female"},
{"first_name":"Kamila","last_name":"Rockell","email":"krockelllb@netlog.com","gender":"Female"},
{"first_name":"Felicia","last_name":"Chisnall","email":"fchisnalllc@unc.edu","gender":"Female"},
{"first_name":"Gradey","last_name":"Assel","email":"gasselld@unc.edu","gender":"Male"},
{"first_name":"Astrid","last_name":"Simcox","email":"asimcoxle@dedecms.com","gender":"Female"},
{"first_name":"Emlynne","last_name":"Sperwell","email":"esperwelllf@oracle.com","gender":"Female"},
{"first_name":"Zia","last_name":"Joder","email":"zjoderlg@washingtonpost.com","gender":"Female"},
{"first_name":"Nico","last_name":"McRannell","email":"nmcrannelllh@seesaa.net","gender":"Male"},
{"first_name":"Bella","last_name":"Clampett","email":"bclampettli@engadget.com","gender":"Female"},
{"first_name":"Lavena","last_name":"Venard","email":"lvenardlj@ezinearticles.com","gender":"Female"},
{"first_name":"Dell","last_name":"Ferrey","email":"dferreylk@furl.net","gender":"Non-binary"},
{"first_name":"Chicky","last_name":"Margrem","email":"cmargremll@twitter.com","gender":"Male"},
{"first_name":"Charlie","last_name":"Hearst","email":"chearstlm@independent.co.uk","gender":"Male"},
{"first_name":"Renaldo","last_name":"Fremantle","email":"rfremantleln@barnesandnoble.com","gender":"Male"},
{"first_name":"Ilaire","last_name":"Abden","email":"iabdenlo@cdbaby.com","gender":"Male"},
{"first_name":"Buckie","last_name":"Candy","email":"bcandylp@google.com.hk","gender":"Male"},
{"first_name":"Deloris","last_name":"Vinnick","email":"dvinnicklq@oakley.com","gender":"Agender"},
{"first_name":"Randene","last_name":"Farthing","email":"rfarthinglr@businesswire.com","gender":"Female"},
{"first_name":"Gayler","last_name":"Titherington","email":"gtitheringtonls@bloglovin.com","gender":"Male"},
{"first_name":"Alexandr","last_name":"Crabb","email":"acrabblt@unblog.fr","gender":"Male"},
{"first_name":"Giffer","last_name":"Farnaby","email":"gfarnabylu@ox.ac.uk","gender":"Male"},
{"first_name":"Lula","last_name":"Dax","email":"ldaxlv@prnewswire.com","gender":"Female"},
{"first_name":"Willette","last_name":"Durnall","email":"wdurnalllw@house.gov","gender":"Female"},
{"first_name":"Wilmette","last_name":"Paireman","email":"wpairemanlx@soundcloud.com","gender":"Female"},
{"first_name":"Tonia","last_name":"Tummons","email":"ttummonsly@theglobeandmail.com","gender":"Female"},
{"first_name":"Taryn","last_name":"Prott","email":"tprottlz@domainmarket.com","gender":"Genderqueer"},
{"first_name":"Wilburt","last_name":"Bernlin","email":"wbernlinm0@histats.com","gender":"Male"},
{"first_name":"Adolphus","last_name":"Kitchingman","email":"akitchingmanm1@umich.edu","gender":"Male"},
{"first_name":"Bambie","last_name":"Hebbes","email":"bhebbesm2@ocn.ne.jp","gender":"Female"},
{"first_name":"Catherina","last_name":"Fielden","email":"cfieldenm3@nationalgeographic.com","gender":"Female"},
{"first_name":"Jessamine","last_name":"Bakey","email":"jbakeym4@phpbb.com","gender":"Female"},
{"first_name":"Sibel","last_name":"Leglise","email":"sleglisem5@nhs.uk","gender":"Female"},
{"first_name":"Laraine","last_name":"Frankes","email":"lfrankesm6@oakley.com","gender":"Female"},
{"first_name":"Margarethe","last_name":"MacAindreis","email":"mmacaindreism7@washington.edu","gender":"Female"},
{"first_name":"Benedikta","last_name":"Gorhardt","email":"bgorhardtm8@cnn.com","gender":"Female"},
{"first_name":"Reider","last_name":"Gimbrett","email":"rgimbrettm9@ustream.tv","gender":"Male"},
{"first_name":"Easter","last_name":"Mateus","email":"emateusma@mac.com","gender":"Female"},
{"first_name":"Winni","last_name":"Tolussi","email":"wtolussimb@studiopress.com","gender":"Female"},
{"first_name":"Virgina","last_name":"Every","email":"veverymc@nasa.gov","gender":"Genderfluid"},
{"first_name":"Meta","last_name":"Tasseler","email":"mtasselermd@photobucket.com","gender":"Female"},
{"first_name":"Law","last_name":"Whitmore","email":"lwhitmoreme@so-net.ne.jp","gender":"Male"},
{"first_name":"Mariya","last_name":"Reiglar","email":"mreiglarmf@hatena.ne.jp","gender":"Female"},
{"first_name":"Kassey","last_name":"O'Doghesty","email":"kodoghestymg@smugmug.com","gender":"Female"},
{"first_name":"Lorita","last_name":"O'Nolan","email":"lonolanmh@archive.org","gender":"Genderfluid"},
{"first_name":"Celie","last_name":"Spottiswoode","email":"cspottiswoodemi@umn.edu","gender":"Polygender"},
{"first_name":"Barron","last_name":"Thackwray","email":"bthackwraymj@mac.com","gender":"Male"},
{"first_name":"Keelia","last_name":"Yeats","email":"kyeatsmk@who.int","gender":"Female"},
{"first_name":"Andrea","last_name":"Demare","email":"ademareml@dagondesign.com","gender":"Male"},
{"first_name":"Antonina","last_name":"Braniff","email":"abraniffmm@auda.org.au","gender":"Female"},
{"first_name":"Milka","last_name":"Witch","email":"mwitchmn@ycombinator.com","gender":"Female"},
{"first_name":"Edin","last_name":"Tejero","email":"etejeromo@cbsnews.com","gender":"Female"},
{"first_name":"Tawsha","last_name":"Ricioppo","email":"tricioppomp@timesonline.co.uk","gender":"Female"},
{"first_name":"Alex","last_name":"Roddan","email":"aroddanmq@nbcnews.com","gender":"Male"},
{"first_name":"Ramsay","last_name":"Caghy","email":"rcaghymr@opensource.org","gender":"Male"},
{"first_name":"Buddie","last_name":"Boyett","email":"bboyettms@jiathis.com","gender":"Male"},
{"first_name":"Aldin","last_name":"Osgodby","email":"aosgodbymt@cisco.com","gender":"Male"},
{"first_name":"Kelwin","last_name":"Golson","email":"kgolsonmu@shutterfly.com","gender":"Bigender"},
{"first_name":"Kirby","last_name":"Gibbett","email":"kgibbettmv@wikipedia.org","gender":"Male"},
{"first_name":"Burtie","last_name":"Lindro","email":"blindromw@tinypic.com","gender":"Male"},
{"first_name":"Clay","last_name":"Curtis","email":"ccurtismx@1688.com","gender":"Male"},
{"first_name":"Jonas","last_name":"Keene","email":"jkeenemy@surveymonkey.com","gender":"Male"},
{"first_name":"Romola","last_name":"Piscopiello","email":"rpiscopiellomz@state.gov","gender":"Female"},
{"first_name":"Ruttger","last_name":"Widdocks","email":"rwiddocksn0@gravatar.com","gender":"Male"},
{"first_name":"Beauregard","last_name":"Jacklin","email":"bjacklinn1@1688.com","gender":"Male"},
{"first_name":"Lynette","last_name":"Bazelle","email":"lbazellen2@si.edu","gender":"Female"},
{"first_name":"Cicely","last_name":"Rottenbury","email":"crottenburyn3@imageshack.us","gender":"Genderfluid"},
{"first_name":"Stillman","last_name":"Henmarsh","email":"shenmarshn4@naver.com","gender":"Male"},
{"first_name":"Greggory","last_name":"Canadas","email":"gcanadasn5@ft.com","gender":"Male"},
{"first_name":"Julita","last_name":"Paolo","email":"jpaolon6@examiner.com","gender":"Female"},
{"first_name":"Lyon","last_name":"Lamp","email":"llampn7@sitemeter.com","gender":"Polygender"},
{"first_name":"Hadleigh","last_name":"Rannigan","email":"hrannigann8@thetimes.co.uk","gender":"Male"},
{"first_name":"Merrie","last_name":"Goodbanne","email":"mgoodbannen9@jiathis.com","gender":"Female"},
{"first_name":"Gertrud","last_name":"Elion","email":"gelionna@vinaora.com","gender":"Female"},
{"first_name":"Wilden","last_name":"Berisford","email":"wberisfordnb@yandex.ru","gender":"Male"},
{"first_name":"Worthy","last_name":"Wallen","email":"wwallennc@reference.com","gender":"Agender"},
{"first_name":"Gideon","last_name":"Gwilt","email":"ggwiltnd@nsw.gov.au","gender":"Male"},
{"first_name":"Clyve","last_name":"Cowsby","email":"ccowsbyne@twitter.com","gender":"Male"},
{"first_name":"Sterling","last_name":"Corringham","email":"scorringhamnf@hibu.com","gender":"Male"},
{"first_name":"Benedetta","last_name":"Abelson","email":"babelsonng@eventbrite.com","gender":"Female"},
{"first_name":"Dennis","last_name":"Fillery","email":"dfillerynh@godaddy.com","gender":"Genderqueer"},
{"first_name":"Smitty","last_name":"Coalburn","email":"scoalburnni@nps.gov","gender":"Male"},
{"first_name":"Leo","last_name":"Sibley","email":"lsibleynj@hugedomains.com","gender":"Non-binary"},
{"first_name":"Herb","last_name":"Vedikhov","email":"hvedikhovnk@purevolume.com","gender":"Male"},
{"first_name":"Gardner","last_name":"Morkham","email":"gmorkhamnl@xrea.com","gender":"Male"},
{"first_name":"Adriaens","last_name":"Palombi","email":"apalombinm@elegantthemes.com","gender":"Female"},
{"first_name":"Dana","last_name":"Woolvett","email":"dwoolvettnn@webnode.com","gender":"Bigender"},
{"first_name":"Sid","last_name":"Kubasek","email":"skubasekno@constantcontact.com","gender":"Male"},
{"first_name":"Jordan","last_name":"Loines","email":"jloinesnp@youku.com","gender":"Female"},
{"first_name":"Shermie","last_name":"Westall","email":"swestallnq@oracle.com","gender":"Male"},
{"first_name":"Haydon","last_name":"Doctor","email":"hdoctornr@ovh.net","gender":"Male"},
{"first_name":"Esma","last_name":"Reffe","email":"ereffens@independent.co.uk","gender":"Female"},
{"first_name":"Spike","last_name":"Mace","email":"smacent@scribd.com","gender":"Male"},
{"first_name":"Kellen","last_name":"Jefford","email":"kjeffordnu@flickr.com","gender":"Female"},
{"first_name":"Otho","last_name":"Donnel","email":"odonnelnv@psu.edu","gender":"Male"},
{"first_name":"Joleen","last_name":"Quiney","email":"jquineynw@sphinn.com","gender":"Female"},
{"first_name":"Ellynn","last_name":"Trathen","email":"etrathennx@shinystat.com","gender":"Agender"},
{"first_name":"Zena","last_name":"Griston","email":"zgristonny@ask.com","gender":"Female"},
{"first_name":"Isidro","last_name":"Savell","email":"isavellnz@ocn.ne.jp","gender":"Male"},
{"first_name":"Huntley","last_name":"Chatres","email":"hchatreso0@discuz.net","gender":"Genderfluid"},
{"first_name":"Breena","last_name":"Sleightholme","email":"bsleightholmeo1@eepurl.com","gender":"Female"},
{"first_name":"Darrell","last_name":"Mumberson","email":"dmumbersono2@indiegogo.com","gender":"Male"},
{"first_name":"Dukey","last_name":"Poulglais","email":"dpoulglaiso3@parallels.com","gender":"Polygender"},
{"first_name":"Fernandina","last_name":"Chardin","email":"fchardino4@mapy.cz","gender":"Female"},
{"first_name":"Abby","last_name":"Keston","email":"akestono5@aol.com","gender":"Female"},
{"first_name":"Cyndy","last_name":"Gives","email":"cgiveso6@ftc.gov","gender":"Female"},
{"first_name":"Edythe","last_name":"Behr","email":"ebehro7@google.fr","gender":"Female"},
{"first_name":"Gayler","last_name":"Championnet","email":"gchampionneto8@behance.net","gender":"Male"},
{"first_name":"Gustavo","last_name":"Scotford","email":"gscotfordo9@businessinsider.com","gender":"Male"},
{"first_name":"Roy","last_name":"Paty","email":"rpatyoa@google.ru","gender":"Male"},
{"first_name":"Jeromy","last_name":"Sheffield","email":"jsheffieldob@prnewswire.com","gender":"Male"},
{"first_name":"Raymund","last_name":"Hriinchenko","email":"rhriinchenkooc@craigslist.org","gender":"Male"},
{"first_name":"Kennett","last_name":"Smowton","email":"ksmowtonod@wunderground.com","gender":"Male"},
{"first_name":"Kimball","last_name":"Georghiou","email":"kgeorghiouoe@usa.gov","gender":"Male"},
{"first_name":"Orlando","last_name":"Kobpac","email":"okobpacof@wisc.edu","gender":"Male"},
{"first_name":"Fleming","last_name":"Janway","email":"fjanwayog@jugem.jp","gender":"Male"},
{"first_name":"Reinaldos","last_name":"Preshous","email":"rpreshousoh@blogtalkradio.com","gender":"Male"},
{"first_name":"Kelbee","last_name":"Moth","email":"kmothoi@cornell.edu","gender":"Genderfluid"},
{"first_name":"Hillier","last_name":"Rowaszkiewicz","email":"hrowaszkiewiczoj@webs.com","gender":"Male"},
{"first_name":"Clevie","last_name":"Wittke","email":"cwittkeok@apache.org","gender":"Male"},
{"first_name":"Bink","last_name":"Petyanin","email":"bpetyaninol@mashable.com","gender":"Male"},
{"first_name":"Abigale","last_name":"Kemetz","email":"akemetzom@acquirethisname.com","gender":"Genderqueer"},
{"first_name":"Guy","last_name":"Springle","email":"gspringleon@photobucket.com","gender":"Male"},
{"first_name":"Karilynn","last_name":"Dripp","email":"kdrippoo@wsj.com","gender":"Female"},
{"first_name":"Anabal","last_name":"Broun","email":"abrounop@craigslist.org","gender":"Female"},
{"first_name":"Stacy","last_name":"O'Heaney","email":"soheaneyoq@technorati.com","gender":"Male"},
{"first_name":"Brunhilda","last_name":"Fryd","email":"bfrydor@1688.com","gender":"Female"},
{"first_name":"Jill","last_name":"Hiddersley","email":"jhiddersleyos@twitpic.com","gender":"Female"},
{"first_name":"Kelcey","last_name":"Tolworthy","email":"ktolworthyot@youtube.com","gender":"Female"},
{"first_name":"Bertina","last_name":"Ferreira","email":"bferreiraou@house.gov","gender":"Polygender"},
{"first_name":"Sheeree","last_name":"De Zuani","email":"sdezuaniov@edublogs.org","gender":"Female"},
{"first_name":"Ado","last_name":"Proven","email":"aprovenow@youku.com","gender":"Male"},
{"first_name":"Lindsay","last_name":"Smaleman","email":"lsmalemanox@webeden.co.uk","gender":"Female"},
{"first_name":"Conrade","last_name":"Flatman","email":"cflatmanoy@ed.gov","gender":"Male"},
{"first_name":"Ambrosius","last_name":"Blackburn","email":"ablackburnoz@live.com","gender":"Male"},
{"first_name":"Elset","last_name":"Crannell","email":"ecrannellp0@wired.com","gender":"Female"},
{"first_name":"Teodor","last_name":"Hodge","email":"thodgep1@nymag.com","gender":"Genderfluid"},
{"first_name":"Marcel","last_name":"Petch","email":"mpetchp2@noaa.gov","gender":"Polygender"},
{"first_name":"Barbara-anne","last_name":"Blackden","email":"bblackdenp3@privacy.gov.au","gender":"Female"},
{"first_name":"Rebekah","last_name":"Lidierth","email":"rlidierthp4@i2i.jp","gender":"Female"},
{"first_name":"Wakefield","last_name":"Shorland","email":"wshorlandp5@mac.com","gender":"Male"},
{"first_name":"Stormy","last_name":"Wallis","email":"swallisp6@diigo.com","gender":"Female"},
{"first_name":"Francklin","last_name":"Aronstam","email":"faronstamp7@engadget.com","gender":"Male"},
{"first_name":"Kendricks","last_name":"Friese","email":"kfriesep8@cnbc.com","gender":"Male"},
{"first_name":"See","last_name":"Gemson","email":"sgemsonp9@umich.edu","gender":"Male"},
{"first_name":"Link","last_name":"Coombes","email":"lcoombespa@google.com.br","gender":"Male"},
{"first_name":"Kathy","last_name":"De Bellis","email":"kdebellispb@friendfeed.com","gender":"Female"},
{"first_name":"Vick","last_name":"Lortzing","email":"vlortzingpc@whitehouse.gov","gender":"Male"},
{"first_name":"Puff","last_name":"Mollene","email":"pmollenepd@ameblo.jp","gender":"Genderfluid"},
{"first_name":"Aggie","last_name":"Douthwaite","email":"adouthwaitepe@hc360.com","gender":"Female"},
{"first_name":"Valentine","last_name":"Wenman","email":"vwenmanpf@networkadvertising.org","gender":"Male"},
{"first_name":"Ximenes","last_name":"Savoury","email":"xsavourypg@ibm.com","gender":"Non-binary"},
{"first_name":"Fidelia","last_name":"Studman","email":"fstudmanph@instagram.com","gender":"Female"},
{"first_name":"Walden","last_name":"Chesson","email":"wchessonpi@unc.edu","gender":"Male"},
{"first_name":"Iosep","last_name":"Lamburn","email":"ilamburnpj@pinterest.com","gender":"Male"},
{"first_name":"Quint","last_name":"Zorer","email":"qzorerpk@aol.com","gender":"Male"},
{"first_name":"Yule","last_name":"Simonetti","email":"ysimonettipl@foxnews.com","gender":"Polygender"},
{"first_name":"Fanechka","last_name":"Creasy","email":"fcreasypm@who.int","gender":"Genderqueer"},
{"first_name":"Davidde","last_name":"Manifould","email":"dmanifouldpn@newsvine.com","gender":"Male"},
{"first_name":"Pippo","last_name":"Godball","email":"pgodballpo@w3.org","gender":"Genderqueer"},
{"first_name":"Deck","last_name":"Schruur","email":"dschruurpp@techcrunch.com","gender":"Male"},
{"first_name":"Tuckie","last_name":"Tomaskunas","email":"ttomaskunaspq@domainmarket.com","gender":"Male"},
{"first_name":"Stephine","last_name":"Aicken","email":"saickenpr@acquirethisname.com","gender":"Female"},
{"first_name":"Quinlan","last_name":"Gerlack","email":"qgerlackps@dell.com","gender":"Male"},
{"first_name":"Norrie","last_name":"Reveley","email":"nreveleypt@domainmarket.com","gender":"Female"},
{"first_name":"Skippie","last_name":"Thurner","email":"sthurnerpu@ibm.com","gender":"Male"},
{"first_name":"Titus","last_name":"Guilliatt","email":"tguilliattpv@auda.org.au","gender":"Male"},
{"first_name":"Alli","last_name":"Sirette","email":"asirettepw@narod.ru","gender":"Female"},
{"first_name":"Zebulon","last_name":"Mellody","email":"zmellodypx@sourceforge.net","gender":"Male"},
{"first_name":"Stan","last_name":"Matissoff","email":"smatissoffpy@a8.net","gender":"Male"},
{"first_name":"Mikel","last_name":"Slite","email":"mslitepz@cpanel.net","gender":"Male"},
{"first_name":"Beatrice","last_name":"Summerhayes","email":"bsummerhayesq0@quantcast.com","gender":"Female"},
{"first_name":"Vinny","last_name":"Axton","email":"vaxtonq1@tripadvisor.com","gender":"Female"},
{"first_name":"Noel","last_name":"Gabbotts","email":"ngabbottsq2@cnbc.com","gender":"Female"},
{"first_name":"Gonzalo","last_name":"Cuffley","email":"gcuffleyq3@addthis.com","gender":"Non-binary"},
{"first_name":"Isiahi","last_name":"Matteoni","email":"imatteoniq4@cornell.edu","gender":"Male"},
{"first_name":"Shanie","last_name":"Rodear","email":"srodearq5@mit.edu","gender":"Female"},
{"first_name":"Blaine","last_name":"Hearnah","email":"bhearnahq6@opera.com","gender":"Male"},
{"first_name":"Arney","last_name":"Haberfield","email":"ahaberfieldq7@walmart.com","gender":"Male"},
{"first_name":"Lilith","last_name":"Coen","email":"lcoenq8@godaddy.com","gender":"Female"},
{"first_name":"Wilma","last_name":"Garnam","email":"wgarnamq9@creativecommons.org","gender":"Bigender"},
{"first_name":"Niki","last_name":"Godson","email":"ngodsonqa@studiopress.com","gender":"Male"},
{"first_name":"Darnall","last_name":"Harmond","email":"dharmondqb@omniture.com","gender":"Male"},
{"first_name":"Dulcy","last_name":"Hildrew","email":"dhildrewqc@walmart.com","gender":"Female"},
{"first_name":"Marcellus","last_name":"Sapir","email":"msapirqd@odnoklassniki.ru","gender":"Male"},
{"first_name":"Mamie","last_name":"Kitchenman","email":"mkitchenmanqe@sun.com","gender":"Polygender"},
{"first_name":"Jaime","last_name":"Willshire","email":"jwillshireqf@usda.gov","gender":"Male"},
{"first_name":"Avie","last_name":"Milburn","email":"amilburnqg@furl.net","gender":"Female"},
{"first_name":"Spencer","last_name":"Reeve","email":"sreeveqh@gravatar.com","gender":"Male"},
{"first_name":"Honoria","last_name":"Bernadot","email":"hbernadotqi@instagram.com","gender":"Female"},
{"first_name":"Lyman","last_name":"Motherwell","email":"lmotherwellqj@cbc.ca","gender":"Male"},
{"first_name":"Nickey","last_name":"Hirsch","email":"nhirschqk@jiathis.com","gender":"Male"},
{"first_name":"Mervin","last_name":"Jeandet","email":"mjeandetql@123-reg.co.uk","gender":"Male"},
{"first_name":"Dynah","last_name":"Koenraad","email":"dkoenraadqm@reuters.com","gender":"Female"},
{"first_name":"Jodi","last_name":"Hulle","email":"jhulleqn@soup.io","gender":"Female"},
{"first_name":"Tim","last_name":"McFee","email":"tmcfeeqo@tiny.cc","gender":"Male"},
{"first_name":"Mariam","last_name":"Welden","email":"mweldenqp@cnbc.com","gender":"Non-binary"},
{"first_name":"Paten","last_name":"Huggins","email":"phugginsqq@zimbio.com","gender":"Male"},
{"first_name":"Alexei","last_name":"Blay","email":"ablayqr@pagesperso-orange.fr","gender":"Male"},
{"first_name":"Jermayne","last_name":"Fass","email":"jfassqs@addthis.com","gender":"Male"},
{"first_name":"Clay","last_name":"Straine","email":"cstraineqt@liveinternet.ru","gender":"Male"},
{"first_name":"Emmott","last_name":"Dingle","email":"edinglequ@cisco.com","gender":"Male"},
{"first_name":"Liv","last_name":"Hedderly","email":"lhedderlyqv@jugem.jp","gender":"Female"},
{"first_name":"Cornela","last_name":"Batts","email":"cbattsqw@issuu.com","gender":"Female"},
{"first_name":"Mart","last_name":"Curtiss","email":"mcurtissqx@indiatimes.com","gender":"Male"},
{"first_name":"Natalee","last_name":"Wanderschek","email":"nwanderschekqy@flickr.com","gender":"Female"},
{"first_name":"Morgen","last_name":"Betterton","email":"mbettertonqz@alibaba.com","gender":"Female"},
{"first_name":"Vincenz","last_name":"Woodwin","email":"vwoodwinr0@wikipedia.org","gender":"Male"},
{"first_name":"Cece","last_name":"Kelly","email":"ckellyr1@senate.gov","gender":"Male"},
{"first_name":"Courtenay","last_name":"Demkowicz","email":"cdemkowiczr2@jigsy.com","gender":"Female"},
{"first_name":"Verile","last_name":"McGillicuddy","email":"vmcgillicuddyr3@gnu.org","gender":"Female"},
{"first_name":"Gerta","last_name":"Guerin","email":"gguerinr4@discuz.net","gender":"Female"},
{"first_name":"Zollie","last_name":"Yerrington","email":"zyerringtonr5@webs.com","gender":"Male"},
{"first_name":"Bevon","last_name":"Sawford","email":"bsawfordr6@tripadvisor.com","gender":"Male"},
{"first_name":"Drake","last_name":"Fayers","email":"dfayersr7@deviantart.com","gender":"Male"},
{"first_name":"Rafaelia","last_name":"Fawley","email":"rfawleyr8@angelfire.com","gender":"Female"},
{"first_name":"Estelle","last_name":"Trammel","email":"etrammelr9@fastcompany.com","gender":"Female"},
{"first_name":"Cirillo","last_name":"Dougherty","email":"cdoughertyra@china.com.cn","gender":"Bigender"},
{"first_name":"Caren","last_name":"Skade","email":"cskaderb@soundcloud.com","gender":"Female"},
{"first_name":"Paxton","last_name":"Ubanks","email":"pubanksrc@cyberchimps.com","gender":"Male"},
{"first_name":"Barny","last_name":"Oak","email":"boakrd@weebly.com","gender":"Male"},
{"first_name":"Doroteya","last_name":"Pardue","email":"dparduere@cocolog-nifty.com","gender":"Female"},
{"first_name":"Rochell","last_name":"Tippler","email":"rtipplerrf@google.it","gender":"Female"},
{"first_name":"Beverie","last_name":"Rankmore","email":"brankmorerg@istockphoto.com","gender":"Female"},
{"first_name":"Estel","last_name":"Alwood","email":"ealwoodrh@storify.com","gender":"Female"},
{"first_name":"Bertram","last_name":"Milkin","email":"bmilkinri@addtoany.com","gender":"Male"},
{"first_name":"Neall","last_name":"Boote","email":"nbooterj@merriam-webster.com","gender":"Male"},
{"first_name":"Katheryn","last_name":"Thames","email":"kthamesrk@ovh.net","gender":"Female"},
{"first_name":"Alethea","last_name":"Ciobutaro","email":"aciobutarorl@va.gov","gender":"Female"},
{"first_name":"Edwin","last_name":"Jagiello","email":"ejagiellorm@loc.gov","gender":"Agender"},
{"first_name":"Kat","last_name":"Trighton","email":"ktrightonrn@narod.ru","gender":"Genderfluid"},
{"first_name":"Cammy","last_name":"Mousby","email":"cmousbyro@lycos.com","gender":"Male"},
{"first_name":"Neda","last_name":"MacKettrick","email":"nmackettrickrp@pbs.org","gender":"Female"},
{"first_name":"Lizzie","last_name":"Nequest","email":"lnequestrq@salon.com","gender":"Female"},
{"first_name":"Rhianon","last_name":"Caldecot","email":"rcaldecotrr@360.cn","gender":"Female"}]