{
	"info": {
		"_postman_id": "c5889d35-e6e8-457c-b775-59e8116ff705",
		"name": "TMS",
		"schema": "https://schema.getpostman.com/json/collection/v2.1.0/collection.json",
		"_exporter_id": "29015849"
	},
	"item": [
		{
			"name": "FintechTMS",
			"item": [
				{
					"name": "SubscriptionPlans",
					"item": [
						{
							"name": "subscription-plans",
							"request": {
								"method": "POST",
								"header": [],
								"url": {
									"raw": "http://localhost:8000/api/v1/subscription-plans",
									"protocol": "http",
									"host": [
										"localhost"
									],
									"port": "8000",
									"path": [
										"api",
										"v1",
										"subscription-plans"
									]
								}
							},
							"response": []
						},
						{
							"name": "All-plans",
							"request": {
								"method": "GET",
								"header": [],
								"url": {
									"raw": "http://localhost:8000/api/v1/subscription-plans",
									"protocol": "http",
									"host": [
										"localhost"
									],
									"port": "8000",
									"path": [
										"api",
										"v1",
										"subscription-plans"
									]
								}
							},
							"response": []
						},
						{
							"name": "GetById",
							"request": {
								"method": "GET",
								"header": [],
								"url": {
									"raw": "http://localhost:8000/api/v1/subscription-plans/2",
									"protocol": "http",
									"host": [
										"localhost"
									],
									"port": "8000",
									"path": [
										"api",
										"v1",
										"subscription-plans",
										"2"
									]
								}
							},
							"response": []
						},
						{
							"name": "subscription-plans",
							"request": {
								"method": "PUT",
								"header": [],
								"body": {
									"mode": "raw",
									"raw": "{\r\n    \"activation_plan_id\":5000,\r\n      \"activation_plan_name\":\"rich plan for rich\",\r\n      \"user_count_allowed\":100,\r\n      \"price\":\"52.000\"\r\n}",
									"options": {
										"raw": {
											"language": "json"
										}
									}
								},
								"url": {
									"raw": "http://localhost:8000/api/v1/subscription-plans/2",
									"protocol": "http",
									"host": [
										"localhost"
									],
									"port": "8000",
									"path": [
										"api",
										"v1",
										"subscription-plans",
										"2"
									]
								}
							},
							"response": []
						},
						{
							"name": "subscription-plans",
							"request": {
								"method": "DELETE",
								"header": [],
								"url": {
									"raw": "http://localhost:8000/api/v1/subscription-plans/2",
									"protocol": "http",
									"host": [
										"localhost"
									],
									"port": "8000",
									"path": [
										"api",
										"v1",
										"subscription-plans",
										"2"
									]
								}
							},
							"response": []
						}
					]
				},
				{
					"name": "organisations",
					"item": [
						{
							"name": "organisations",
							"request": {
								"method": "POST",
								"header": [],
								"body": {
									"mode": "raw",
									"raw": "{\r\n     \"organisation_name\":\"geek\",\r\n      \"activation_plan_id\":1,\r\n      \"activation_status\":\"false\",\r\n      \"expiry_date\":\"12/09/2024\"\r\n}",
									"options": {
										"raw": {
											"language": "json"
										}
									}
								},
								"url": {
									"raw": "http://localhost:8000/api/v1/organisations",
									"protocol": "http",
									"host": [
										"localhost"
									],
									"port": "8000",
									"path": [
										"api",
										"v1",
										"organisations"
									]
								}
							},
							"response": []
						},
						{
							"name": "All-organisations",
							"request": {
								"auth": {
									"type": "bearer",
									"bearer": [
										{
											"key": "token",
											"value": "eyJhbGciOiJIUzI1NiIsInR5cCI6IkpXVCJ9.eyJ1c2VyX2lkIjoxLCJyb2xlIjoidXNlciIsImlhdCI6MTcyNDQ4MjIzMywiZXhwIjoxNzI0NDg1ODMzfQ.XWCDVpChlDZtt3ZoN7H1nYpD36HpAmNI2a0Di3fddQQ",
											"type": "string"
										}
									]
								},
								"method": "GET",
								"header": [],
								"url": {
									"raw": "http://localhost:8000/api/v1/organisations",
									"protocol": "http",
									"host": [
										"localhost"
									],
									"port": "8000",
									"path": [
										"api",
										"v1",
										"organisations"
									]
								}
							},
							"response": []
						},
						{
							"name": "GetByID",
							"request": {
								"method": "GET",
								"header": [],
								"url": {
									"raw": "http://localhost:8000/api/v1/organisations/4",
									"protocol": "http",
									"host": [
										"localhost"
									],
									"port": "8000",
									"path": [
										"api",
										"v1",
										"organisations",
										"4"
									]
								}
							},
							"response": []
						},
						{
							"name": "organisations",
							"request": {
								"method": "PUT",
								"header": [],
								"body": {
									"mode": "raw",
									"raw": "{\r\n      \"organisation_name\":\"geek12\",\r\n      \"activation_plan_id\":1,\r\n      \"activation_status\":\"false\",\r\n      \"expiry_date\":\"12/09/2024\"\r\n}",
									"options": {
										"raw": {
											"language": "json"
										}
									}
								},
								"url": {
									"raw": "http://localhost:8000/api/v1/organisations/4",
									"protocol": "http",
									"host": [
										"localhost"
									],
									"port": "8000",
									"path": [
										"api",
										"v1",
										"organisations",
										"4"
									]
								}
							},
							"response": []
						},
						{
							"name": "organisations",
							"request": {
								"method": "DELETE",
								"header": [],
								"url": {
									"raw": "http://localhost:8000/api/v1/organisations/4",
									"protocol": "http",
									"host": [
										"localhost"
									],
									"port": "8000",
									"path": [
										"api",
										"v1",
										"organisations",
										"4"
									]
								}
							},
							"response": []
						}
					]
				},
				{
					"name": "Users",
					"item": [
						{
							"name": "users",
							"request": {
								"method": "POST",
								"header": [],
								"body": {
									"mode": "raw",
									"raw": "{\r\n    \"organisation_id\":5,\r\n      \"username\":\"kirti\",\r\n      \"password\":\"1234\",\r\n      \"full_name\":\"kirti sign\",\r\n      \"email\":\"kirti@gmail.com\",\r\n      \"activated\":\"true\"\r\n}",
									"options": {
										"raw": {
											"language": "json"
										}
									}
								},
								"url": {
									"raw": "http://localhost:8000/api/v1/users",
									"protocol": "http",
									"host": [
										"localhost"
									],
									"port": "8000",
									"path": [
										"api",
										"v1",
										"users"
									]
								}
							},
							"response": []
						},
						{
							"name": "All-Users",
							"request": {
								"method": "GET",
								"header": [],
								"url": {
									"raw": "http://localhost:8000/api/v1/users",
									"protocol": "http",
									"host": [
										"localhost"
									],
									"port": "8000",
									"path": [
										"api",
										"v1",
										"users"
									]
								}
							},
							"response": []
						},
						{
							"name": "GetById",
							"request": {
								"method": "GET",
								"header": [],
								"url": {
									"raw": "http://localhost:8000/api/v1/users/3",
									"protocol": "http",
									"host": [
										"localhost"
									],
									"port": "8000",
									"path": [
										"api",
										"v1",
										"users",
										"3"
									]
								}
							},
							"response": []
						},
						{
							"name": "users",
							"request": {
								"method": "PUT",
								"header": [],
								"body": {
									"mode": "raw",
									"raw": "{\r\n    \"organisation_id\":5,\r\n      \"username\":\"kirti 12\",\r\n      \"password\":\"1234\",\r\n      \"full_name\":\"kirti sign\",\r\n      \"email\":\"kirti@gmail.com\",\r\n      \"activated\":\"true\"\r\n}",
									"options": {
										"raw": {
											"language": "json"
										}
									}
								},
								"url": {
									"raw": "http://localhost:8000/api/v1/users/3",
									"protocol": "http",
									"host": [
										"localhost"
									],
									"port": "8000",
									"path": [
										"api",
										"v1",
										"users",
										"3"
									]
								}
							},
							"response": []
						},
						{
							"name": "users",
							"request": {
								"method": "DELETE",
								"header": [],
								"url": {
									"raw": "http://localhost:8000/api/v1/users/3",
									"protocol": "http",
									"host": [
										"localhost"
									],
									"port": "8000",
									"path": [
										"api",
										"v1",
										"users",
										"3"
									]
								}
							},
							"response": []
						}
					]
				},
				{
					"name": "ActivatedUsers",
					"item": [
						{
							"name": "activated-users",
							"request": {
								"method": "POST",
								"header": [],
								"body": {
									"mode": "raw",
									"raw": "{\r\n    \"activation_plan_id\":2,\r\n      \"user_id\":2,\r\n      \"organisation_id\":5\r\n}",
									"options": {
										"raw": {
											"language": "json"
										}
									}
								},
								"url": {
									"raw": "http://localhost:8000/api/v1/activated-users",
									"protocol": "http",
									"host": [
										"localhost"
									],
									"port": "8000",
									"path": [
										"api",
										"v1",
										"activated-users"
									]
								}
							},
							"response": []
						},
						{
							"name": "All-activated-users",
							"request": {
								"method": "GET",
								"header": [],
								"url": {
									"raw": "http://localhost:8000/api/v1/activated-users",
									"protocol": "http",
									"host": [
										"localhost"
									],
									"port": "8000",
									"path": [
										"api",
										"v1",
										"activated-users"
									]
								}
							},
							"response": []
						},
						{
							"name": "GetById",
							"request": {
								"method": "GET",
								"header": [],
								"url": {
									"raw": "http://localhost:8000/api/v1/activated-users/2",
									"protocol": "http",
									"host": [
										"localhost"
									],
									"port": "8000",
									"path": [
										"api",
										"v1",
										"activated-users",
										"2"
									]
								}
							},
							"response": []
						},
						{
							"name": "activated-users",
							"request": {
								"method": "PUT",
								"header": [],
								"body": {
									"mode": "raw",
									"raw": "{\r\n    \"activation_plan_id\":2,\r\n      \"user_id\":2,\r\n      \"organisation_id\":4\r\n}",
									"options": {
										"raw": {
											"language": "json"
										}
									}
								},
								"url": {
									"raw": "http://localhost:8000/api/v1/activated-users/2",
									"protocol": "http",
									"host": [
										"localhost"
									],
									"port": "8000",
									"path": [
										"api",
										"v1",
										"activated-users",
										"2"
									]
								}
							},
							"response": []
						},
						{
							"name": "activated-users",
							"request": {
								"method": "DELETE",
								"header": [],
								"url": {
									"raw": "http://localhost:8000/api/v1/activated-users/2",
									"protocol": "http",
									"host": [
										"localhost"
									],
									"port": "8000",
									"path": [
										"api",
										"v1",
										"activated-users",
										"2"
									]
								}
							},
							"response": []
						}
					]
				},
				{
					"name": "Tasks",
					"item": [
						{
							"name": "tasks",
							"request": {
								"method": "POST",
								"header": [],
								"body": {
									"mode": "raw",
									"raw": "{\r\n    \"user_id\":3,\r\n      \"task_title\":\"this is my first title\",\r\n      \"task_description\":\"this is my first task_description\",\r\n      \"completion_status\":\"false\",\r\n      \"status_updated_by\":1,\r\n      \"priority\":100\r\n}",
									"options": {
										"raw": {
											"language": "json"
										}
									}
								},
								"url": {
									"raw": "http://localhost:8000/api/v1/tasks",
									"protocol": "http",
									"host": [
										"localhost"
									],
									"port": "8000",
									"path": [
										"api",
										"v1",
										"tasks"
									]
								}
							},
							"response": []
						},
						{
							"name": "All-tasks",
							"request": {
								"method": "GET",
								"header": [],
								"url": {
									"raw": "http://localhost:8000/api/v1/tasks",
									"protocol": "http",
									"host": [
										"localhost"
									],
									"port": "8000",
									"path": [
										"api",
										"v1",
										"tasks"
									]
								}
							},
							"response": []
						},
						{
							"name": "GetById",
							"request": {
								"method": "GET",
								"header": [],
								"url": {
									"raw": "http://localhost:8000/api/v1/tasks/12",
									"protocol": "http",
									"host": [
										"localhost"
									],
									"port": "8000",
									"path": [
										"api",
										"v1",
										"tasks",
										"12"
									]
								}
							},
							"response": []
						},
						{
							"name": "tasks",
							"request": {
								"method": "PUT",
								"header": [],
								"body": {
									"mode": "raw",
									"raw": "{\r\n    \"user_id\":3,\r\n      \"task_title\":\"this is my first title\",\r\n      \"task_description\":\"this is my first task_description\",\r\n      \"completion_status\":\"false\",\r\n      \"status_updated_by\":1,\r\n      \"priority\":100\r\n}",
									"options": {
										"raw": {
											"language": "json"
										}
									}
								},
								"url": {
									"raw": "http://localhost:8000/api/v1/tasks/1",
									"protocol": "http",
									"host": [
										"localhost"
									],
									"port": "8000",
									"path": [
										"api",
										"v1",
										"tasks",
										"1"
									]
								}
							},
							"response": []
						},
						{
							"name": "tasks",
							"request": {
								"method": "DELETE",
								"header": [],
								"url": {
									"raw": "http://localhost:8000/api/v1/tasks/12",
									"protocol": "http",
									"host": [
										"localhost"
									],
									"port": "8000",
									"path": [
										"api",
										"v1",
										"tasks",
										"12"
									]
								}
							},
							"response": []
						}
					]
				},
				{
					"name": "TaskAssignee",
					"item": [
						{
							"name": "task-assignee",
							"request": {
								"method": "POST",
								"header": [],
								"body": {
									"mode": "raw",
									"raw": "{\r\n    \"task_row_id\":1,\r\n      \"assigned_by\":2,\r\n      \"assigned_to\":1\r\n}",
									"options": {
										"raw": {
											"language": "json"
										}
									}
								},
								"url": {
									"raw": "http://localhost:8000/api/v1/task-assignee",
									"protocol": "http",
									"host": [
										"localhost"
									],
									"port": "8000",
									"path": [
										"api",
										"v1",
										"task-assignee"
									]
								}
							},
							"response": []
						},
						{
							"name": "All-task-assignee",
							"request": {
								"method": "GET",
								"header": [],
								"url": {
									"raw": "http://localhost:8000/api/v1/task-assignee",
									"protocol": "http",
									"host": [
										"localhost"
									],
									"port": "8000",
									"path": [
										"api",
										"v1",
										"task-assignee"
									]
								}
							},
							"response": []
						},
						{
							"name": "GetById",
							"request": {
								"method": "GET",
								"header": [],
								"url": {
									"raw": "http://localhost:8000/api/v1/task-assignee/1",
									"protocol": "http",
									"host": [
										"localhost"
									],
									"port": "8000",
									"path": [
										"api",
										"v1",
										"task-assignee",
										"1"
									]
								}
							},
							"response": []
						},
						{
							"name": "task-assignee",
							"request": {
								"method": "PUT",
								"header": [],
								"body": {
									"mode": "raw",
									"raw": "{\r\n    \"task_row_id\":1,\r\n      \"assigned_by\":2,\r\n      \"assigned_to\":1\r\n}",
									"options": {
										"raw": {
											"language": "json"
										}
									}
								},
								"url": {
									"raw": "http://localhost:8000/api/v1/task-assignee/1",
									"protocol": "http",
									"host": [
										"localhost"
									],
									"port": "8000",
									"path": [
										"api",
										"v1",
										"task-assignee",
										"1"
									]
								}
							},
							"response": []
						},
						{
							"name": "task-assignee",
							"request": {
								"method": "DELETE",
								"header": [],
								"url": {
									"raw": "http://localhost:8000/api/v1/task-assignee/1",
									"protocol": "http",
									"host": [
										"localhost"
									],
									"port": "8000",
									"path": [
										"api",
										"v1",
										"task-assignee",
										"1"
									]
								}
							},
							"response": []
						}
					]
				},
				{
					"name": "Paticular-User",
					"item": [
						{
							"name": "Login",
							"request": {
								"method": "POST",
								"header": [],
								"url": {
									"raw": "http://localhost:8000/api/v1/Login",
									"protocol": "http",
									"host": [
										"localhost"
									],
									"port": "8000",
									"path": [
										"api",
										"v1",
										"Login"
									]
								}
							},
							"response": []
						},
						{
							"name": "LogOut",
							"request": {
								"method": "POST",
								"header": [],
								"url": {
									"raw": "http://localhost:8000/api/v1/LogOut",
									"protocol": "http",
									"host": [
										"localhost"
									],
									"port": "8000",
									"path": [
										"api",
										"v1",
										"LogOut"
									]
								}
							},
							"response": []
						}
					]
				}
			]
		},
		{
			"name": "Abhi-TMS",
			"item": [
				{
					"name": "User-Task",
					"item": [
						{
							"name": "Task-Create",
							"request": {
								"auth": {
									"type": "bearer",
									"bearer": [
										{
											"key": "token",
											"value": "Bearer eyJhbGciOiJIUzI1NiIsInR5cCI6IkpXVCJ9.eyJ1c2VySWQiOjMsImlhdCI6MTcyNDIzMTczMywiZXhwIjoxNzI0MzE4MTMzfQ.Vya0B26gO3Uq2A2h6YQyOElr4uohx6EkNGZGBy587oM; Max-Age=86400; Path=/; Expires=Thu, 22 Aug 2024 09:15:33 GMT; HttpOnly; Secure; SameSite=Strict",
											"type": "string"
										}
									]
								},
								"method": "POST",
								"header": [],
								"body": {
									"mode": "raw",
									"raw": "{\r\n    \"title\":\"backend create tms\", \r\n    \"team\":[\"3\"], \r\n    \"stage\":\"todo\", \r\n    \"date\":\"2024-12-08T19:30:00.000+00:00\", \r\n    \"priority\":\"low\", \r\n    \"assets\":\"\"\r\n}",
									"options": {
										"raw": {
											"language": "json"
										}
									}
								},
								"url": {
									"raw": "http://localhost:8000/api/task/create",
									"protocol": "http",
									"host": [
										"localhost"
									],
									"port": "8000",
									"path": [
										"api",
										"task",
										"create"
									]
								}
							},
							"response": []
						},
						{
							"name": "dashboard",
							"request": {
								"method": "GET",
								"header": [],
								"url": {
									"raw": "http://localhost:8000/api/task/dashboard",
									"protocol": "http",
									"host": [
										"localhost"
									],
									"port": "8000",
									"path": [
										"api",
										"task",
										"dashboard"
									]
								}
							},
							"response": []
						},
						{
							"name": "Get-Task",
							"request": {
								"method": "GET",
								"header": [],
								"url": {
									"raw": "http://localhost:8000/api/task",
									"protocol": "http",
									"host": [
										"localhost"
									],
									"port": "8000",
									"path": [
										"api",
										"task"
									]
								}
							},
							"response": []
						},
						{
							"name": "Get-ByID-Task",
							"request": {
								"method": "GET",
								"header": [],
								"url": {
									"raw": "http://localhost:8000/api/task/66c57275fce63718fc1e82d9",
									"protocol": "http",
									"host": [
										"localhost"
									],
									"port": "8000",
									"path": [
										"api",
										"task",
										"66c57275fce63718fc1e82d9"
									]
								}
							},
							"response": []
						},
						{
							"name": "task-activity",
							"request": {
								"method": "POST",
								"header": [],
								"body": {
									"mode": "raw",
									"raw": "{\r\n    \"type\":\"bug\", \r\n    \"activity\":\"new bug\"\r\n}",
									"options": {
										"raw": {
											"language": "json"
										}
									}
								},
								"url": {
									"raw": "http://localhost:8000/api/task/activity/66c57275fce63718fc1e82d9",
									"protocol": "http",
									"host": [
										"localhost"
									],
									"port": "8000",
									"path": [
										"api",
										"task",
										"activity",
										"66c57275fce63718fc1e82d9"
									]
								}
							},
							"response": []
						},
						{
							"name": "create-subtask",
							"request": {
								"method": "PUT",
								"header": [],
								"body": {
									"mode": "raw",
									"raw": "{\r\n     \"title\":\"subtask of fronted\", \"tag\":\"sd\", \"date\":\"3/09/2024\"\r\n}",
									"options": {
										"raw": {
											"language": "json"
										}
									}
								},
								"url": {
									"raw": "http://localhost:8000/api/task/create-subtask/1",
									"protocol": "http",
									"host": [
										"localhost"
									],
									"port": "8000",
									"path": [
										"api",
										"task",
										"create-subtask",
										"1"
									]
								}
							},
							"response": []
						}
					]
				},
				{
					"name": "User",
					"item": [
						{
							"name": "User-register",
							"request": {
								"method": "POST",
								"header": [],
								"body": {
									"mode": "raw",
									"raw": "\r\n\r\n{\r\n  \"name\": \"John Doe\",\r\n  \"title\": \"Backend Developer\",\r\n  \"role\": \"admin\",\r\n  \"email\": \"john.doe@example.com\",\r\n  \"password\": \"securePassword123\",\r\n  \"isAdmin\": true,\r\n  \"isActive\": true\r\n}\r\n",
									"options": {
										"raw": {
											"language": "json"
										}
									}
								},
								"url": {
									"raw": "http://localhost:8000/api/user/register",
									"protocol": "http",
									"host": [
										"localhost"
									],
									"port": "8000",
									"path": [
										"api",
										"user",
										"register"
									]
								}
							},
							"response": []
						},
						{
							"name": "User-login",
							"request": {
								"method": "POST",
								"header": [],
								"body": {
									"mode": "raw",
									"raw": "{\r\n    \"email\":\"john.doe@example.com\", \r\n    \"password\":\"securePassword123\"\r\n}",
									"options": {
										"raw": {
											"language": "json"
										}
									}
								},
								"url": {
									"raw": "http://localhost:8000/api/user/login",
									"protocol": "http",
									"host": [
										"localhost"
									],
									"port": "8000",
									"path": [
										"api",
										"user",
										"login"
									]
								}
							},
							"response": []
						},
						{
							"name": "User-logout",
							"request": {
								"method": "POST",
								"header": [],
								"url": {
									"raw": "http://localhost:8000/api/user/logout",
									"protocol": "http",
									"host": [
										"localhost"
									],
									"port": "8000",
									"path": [
										"api",
										"user",
										"logout"
									]
								}
							},
							"response": []
						},
						{
							"name": "get-team/user",
							"request": {
								"method": "GET",
								"header": [],
								"url": {
									"raw": "http://localhost:8000/api/user/get-team",
									"protocol": "http",
									"host": [
										"localhost"
									],
									"port": "8000",
									"path": [
										"api",
										"user",
										"get-team"
									]
								}
							},
							"response": []
						},
						{
							"name": "notifications",
							"request": {
								"method": "GET",
								"header": [],
								"url": {
									"raw": "http://localhost:8000/api/user/notifications",
									"protocol": "http",
									"host": [
										"localhost"
									],
									"port": "8000",
									"path": [
										"api",
										"user",
										"notifications"
									]
								}
							},
							"response": []
						},
						{
							"name": "read-noti",
							"request": {
								"method": "PUT",
								"header": [
									{
										"key": "",
										"value": "",
										"type": "text"
									}
								],
								"url": {
									"raw": "http://localhost:8000/api/user/read-noti?isReadType=[specific]&id=1",
									"protocol": "http",
									"host": [
										"localhost"
									],
									"port": "8000",
									"path": [
										"api",
										"user",
										"read-noti"
									],
									"query": [
										{
											"key": "isReadType",
											"value": "[specific]"
										},
										{
											"key": "id",
											"value": "1"
										}
									]
								}
							},
							"response": []
						}
					]
				}
			]
		}
	]
}