{
  "users": [
    {
      "id": 1,
      "username": "admin",
      "password": "admin123"
    },
    {
      "id": 2,
      "username": "user1",
      "password": "password1"
    },
    {
      "id": 3,
      "username": "user2",
      "password": "password2"
    },
    {
      "id": "936e",
      "username": "abhishek",
      "password": "123"
    },
    {
      "id": "c217",
      "username": "kirti",
      "password": ""
    },
    {
      "id": "ec16",
      "username": "geekcv",
      "password": "123"
    }
  ],
  "tasks": []
}