{
  "hash": "beb6c8f9",
  "configHash": "089f6ebb",
  "lockfileHash": "d2de3e6e",
  "browserHash": "c6f99604",
  "optimized": {
    "@angular/core": {
      "src": "../../../../../node_modules/@angular/core/fesm2022/core.mjs",
      "file": "@angular_core.js",
      "fileHash": "e2437b1b",
      "needsInterop": false
    },
    "@angular/platform-browser": {
      "src": "../../../../../node_modules/@angular/platform-browser/fesm2022/platform-browser.mjs",
      "file": "@angular_platform-browser.js",
      "fileHash": "cd466cb6",
      "needsInterop": false
    },
    "@angular/router": {
      "src": "../../../../../node_modules/@angular/router/fesm2022/router.mjs",
      "file": "@angular_router.js",
      "fileHash": "12bfbcdf",
      "needsInterop": false
    },
    "@angular/common": {
      "src": "../../../../../node_modules/@angular/common/fesm2022/common.mjs",
      "file": "@angular_common.js",
      "fileHash": "7c575446",
      "needsInterop": false
    }
  },
  "chunks": {
    "chunk-22KN6ZJ6": {
      "file": "chunk-22KN6ZJ6.js"
    },
    "chunk-C6435UVC": {
      "file": "chunk-C6435UVC.js"
    },
    "chunk-BMYWVJG5": {
      "file": "chunk-BMYWVJG5.js"
    }
  }
}