{
  "hash": "6cf6eec9",
  "configHash": "f2ba1b64",
  "lockfileHash": "684ae0d3",
  "browserHash": "9bcb3ac0",
  "optimized": {
    "@angular/common": {
      "src": "../../../../../node_modules/@angular/common/fesm2022/common.mjs",
      "file": "@angular_common.js",
      "fileHash": "4eb1bc6d",
      "needsInterop": false
    },
    "@angular/core": {
      "src": "../../../../../node_modules/@angular/core/fesm2022/core.mjs",
      "file": "@angular_core.js",
      "fileHash": "a46c28b2",
      "needsInterop": false
    },
    "@angular/forms": {
      "src": "../../../../../node_modules/@angular/forms/fesm2022/forms.mjs",
      "file": "@angular_forms.js",
      "fileHash": "9002c42b",
      "needsInterop": false
    },
    "@angular/platform-browser": {
      "src": "../../../../../node_modules/@angular/platform-browser/fesm2022/platform-browser.mjs",
      "file": "@angular_platform-browser.js",
      "fileHash": "a52c36a0",
      "needsInterop": false
    },
    "@angular/router": {
      "src": "../../../../../node_modules/@angular/router/fesm2022/router.mjs",
      "file": "@angular_router.js",
      "fileHash": "ccf40eea",
      "needsInterop": false
    },
    "primeng/table": {
      "src": "../../../../../node_modules/primeng/fesm2022/primeng-table.mjs",
      "file": "primeng_table.js",
      "fileHash": "010e4c09",
      "needsInterop": false
    },
    "primeng/api": {
      "src": "../../../../../node_modules/primeng/fesm2022/primeng-api.mjs",
      "file": "primeng_api.js",
      "fileHash": "19391176",
      "needsInterop": false
    },
    "primeng/button": {
      "src": "../../../../../node_modules/primeng/fesm2022/primeng-button.mjs",
      "file": "primeng_button.js",
      "fileHash": "b9d3a6f0",
      "needsInterop": false
    },
    "primeng/tag": {
      "src": "../../../../../node_modules/primeng/fesm2022/primeng-tag.mjs",
      "file": "primeng_tag.js",
      "fileHash": "14820f28",
      "needsInterop": false
    },
    "primeng/rating": {
      "src": "../../../../../node_modules/primeng/fesm2022/primeng-rating.mjs",
      "file": "primeng_rating.js",
      "fileHash": "61146a1f",
      "needsInterop": false
    }
  },
  "chunks": {
    "chunk-EN34U5T5": {
      "file": "chunk-EN34U5T5.js"
    },
    "chunk-FFZZ2XJN": {
      "file": "chunk-FFZZ2XJN.js"
    },
    "chunk-O7DFUHAK": {
      "file": "chunk-O7DFUHAK.js"
    },
    "chunk-36UH2RM2": {
      "file": "chunk-36UH2RM2.js"
    },
    "chunk-F7PFZGV4": {
      "file": "chunk-F7PFZGV4.js"
    },
    "chunk-SXM6IB3K": {
      "file": "chunk-SXM6IB3K.js"
    },
    "chunk-PBKKMZF6": {
      "file": "chunk-PBKKMZF6.js"
    }
  }
}